seller_id,add_to_cart,click,inquiry,purchase,view,inquiry_rate,purchase_rate,total_gmv,avg_review_score,product_count
4869f7a5dfa277a7dca6462dcf3b52b2,598.0,774.0,402.0,1117.0,1117.0,0.3599,1.0,247007.06,4.15,94
7c67e1448b00f6e969d365cea6b010ab,494.0,655.0,330.0,962.0,962.0,0.343,1.0,237806.69,3.36,197
4a3ca9315b744ce9f8e9374361493884,816.0,1119.0,621.0,1759.0,1759.0,0.353,1.0,231220.43,3.84,394
53243585a1d6dc2643021fd1853d8905,203.0,260.0,127.0,340.0,340.0,0.3735,1.0,230797.02,4.13,23
fa1c13f2614d7b5c4749cbc52fecda94,304.0,419.0,193.0,575.0,575.0,0.3357,1.0,200833.5,4.38,284
da8622b14eb17ae2831f4ac5b9dab84a,718.0,922.0,536.0,1272.0,1272.0,0.4214,1.0,184706.78,4.07,221
7e93a43ef30c4f03f38b393420bc753a,156.0,222.0,114.0,319.0,319.0,0.3574,1.0,171973.55,4.37,175
1025f0e2d44d7041d6cf58b6550e0bfa,521.0,681.0,404.0,894.0,894.0,0.4519,1.0,171924.96,3.88,153
7a67c85e85bb2ce8582c35f2203ad736,578.0,780.0,396.0,1140.0,1140.0,0.3474,1.0,160278.52,4.27,146
955fee9216a65b617aa5c0531780ce60,669.0,919.0,456.0,1256.0,1256.0,0.3631,1.0,156606.48,4.09,103
6560211a19b47992c3666cc44a7e94c0,798.0,1128.0,610.0,1790.0,1790.0,0.3408,1.0,148050.94,3.96,254
1f50f920176fa81dab994f9023523100,736.0,950.0,561.0,1383.0,1383.0,0.4056,1.0,141712.94,4.0,23
46dc3b2cc0980fb8ec44634e21d2718e,251.0,340.0,187.0,503.0,503.0,0.3718,1.0,134162.88,4.27,183
a1043bafd471dff536d0c462352beb48,364.0,510.0,272.0,698.0,698.0,0.3897,1.0,130412.74,4.25,6
620c87c171fb2a6dd6e8bb4dec959fc6,382.0,502.0,263.0,708.0,708.0,0.3715,1.0,126278.18,4.28,124
cc419e0650a3c5ba77189a1882b7556a,814.0,1098.0,562.0,1607.0,1607.0,0.3497,1.0,125936.99,4.14,37
5dceca129747e92ff8ef7a997dc4f8ca,170.0,232.0,106.0,318.0,318.0,0.3333,1.0,124702.92,4.03,47
7d13fca15225358621be4086e1eb0964,273.0,397.0,194.0,557.0,557.0,0.3483,1.0,120934.47,4.02,57
3d871de0142ce09b7081e2b9d1733cb1,548.0,751.0,398.0,1058.0,1058.0,0.3762,1.0,115515.65,4.16,202
edb1ef5e36e0c8cd84eb3c9b003e486d,79.0,121.0,58.0,163.0,163.0,0.3558,1.0,83031.14,4.45,55
ccc4bbb5f32a6ab2b7066a4130f114e3,102.0,134.0,67.0,183.0,183.0,0.3661,1.0,78101.34,4.32,12
cca3071e3e9bb7d12640c9fbe2301306,315.0,443.0,217.0,688.0,688.0,0.3154,1.0,77188.55,3.91,318
8581055ce74af1daba164fdbd55a40de,194.0,255.0,151.0,371.0,371.0,0.407,1.0,73473.98,4.27,32
f7ba60f8c3f99e7ee4042fdef03b70c4,115.0,144.0,76.0,218.0,218.0,0.3486,1.0,72387.94,4.22,9
fe2032dab1a61af8794248c8196565c9,166.0,213.0,122.0,292.0,292.0,0.4178,1.0,70400.6,4.4,70
de722cd6dad950a92b7d4f82673f8833,185.0,248.0,137.0,336.0,336.0,0.4077,1.0,64776.59,4.17,7
f8db351d8c4c4c22c6835c19a46f01b0,355.0,442.0,251.0,657.0,657.0,0.382,1.0,62487.02,4.26,146
7ddcbb64b5bc1ef36ca8c151f6ec77df,158.0,205.0,110.0,324.0,324.0,0.3395,1.0,62202.75,3.99,19
04308b1ee57b6625f47df1d56f00eedf,41.0,53.0,30.0,92.0,92.0,0.3261,1.0,61940.62,3.95,20
522620dcb18a6b31cd7bdf73665113a9,78.0,117.0,53.0,171.0,171.0,0.3099,1.0,61273.66,3.93,38
218d46b86c1881d022bce9c68a7d4b15,197.0,261.0,143.0,373.0,373.0,0.3834,1.0,61162.94,4.18,142
25c5c91f63607446a97b143d2d535d31,87.0,118.0,72.0,150.0,150.0,0.48,1.0,61154.7,3.74,18
37be5a7c751166fbc5f8ccba4119e043,136.0,202.0,88.0,265.0,265.0,0.3321,1.0,60756.76,4.33,9
17e34d8224d27a541263c4c64b11a56b,137.0,188.0,95.0,246.0,246.0,0.3862,1.0,59530.49,4.21,110
17f51e7198701186712e53a39c564617,27.0,35.0,23.0,56.0,56.0,0.4107,1.0,57812.43,4.34,27
ceaec5548eefc6e23e6607c5435102e7,109.0,135.0,73.0,196.0,196.0,0.3724,1.0,57653.73,4.21,33
b2ba3715d723d245138f291a6fe42594,176.0,217.0,129.0,323.0,323.0,0.3994,1.0,55596.65,4.21,172
f5a590cf36251cf1162ea35bef76fe84,61.0,76.0,36.0,113.0,113.0,0.3186,1.0,55366.96,4.28,60
8160255418d5aaa7dbdc9f4c64ebda44,182.0,237.0,123.0,378.0,378.0,0.3254,1.0,54095.68,3.87,57
ea8482cd71df3c1969d7b9473ff13abc,510.0,705.0,397.0,1119.0,1119.0,0.3548,1.0,53988.63,3.99,219
77530e9772f57a62c906e1c21538ab82,173.0,233.0,109.0,308.0,308.0,0.3539,1.0,53951.31,4.08,167
e882b2a25a10b9c057cc49695f222c19,35.0,47.0,21.0,56.0,56.0,0.375,1.0,53913.76,4.59,19
4e922959ae960d389249c378d1c939f5,204.0,244.0,132.0,411.0,411.0,0.3212,1.0,52485.6,3.91,134
e9779976487b77c6d4ac45f75ec7afe9,343.0,451.0,228.0,632.0,632.0,0.3608,1.0,52211.3,4.21,131
2bf6a2c1e71bbd29a4ad64e6d3c3629f,19.0,20.0,14.0,30.0,30.0,0.4667,1.0,51629.49,4.19,28
4d6d651bd7684af3fffabd5f08d12e5a,185.0,256.0,126.0,350.0,350.0,0.36,1.0,50785.76,4.2,70
c826c40d7b19f62a09e2d7c5e7295ee2,176.0,261.0,137.0,346.0,346.0,0.396,1.0,50096.67,4.09,17
391fc6631aebcf3004804e51b40bcf1e,250.0,325.0,175.0,518.0,518.0,0.3378,1.0,49559.14,3.99,130
c3cfdc648177fdbbbb35635a37472c53,140.0,207.0,97.0,266.0,266.0,0.3647,1.0,49127.81,4.45,111
17a053fcb14bd219540cbde0df490be0,74.0,95.0,45.0,123.0,123.0,0.3659,1.0,49114.41,4.24,86
d91fb3b7d041e83b64a00a3edfb37e4f,241.0,342.0,179.0,481.0,481.0,0.3721,1.0,48984.45,4.15,309
850f4f8af5ea87287ac68de36e29107f,79.0,142.0,75.0,186.0,186.0,0.4032,1.0,48382.72,4.3,42
06a2c3af7b3aee5d69171b0e14f0ee87,207.0,282.0,145.0,385.0,385.0,0.3766,1.0,48169.5,4.04,44
966cb4760537b1404caedd472cc610a5,36.0,42.0,25.0,66.0,66.0,0.3788,1.0,47432.57,4.12,15
b33e7c55446eabf8fe1a42d037ac7d6d,70.0,108.0,59.0,149.0,149.0,0.396,1.0,46871.55,4.19,34
eeb6de78f79159600292e314a77cbd18,40.0,61.0,22.0,81.0,81.0,0.2716,1.0,46506.89,4.42,46
712e6ed8aa4aa1fa65dab41fed5737e4,41.0,53.0,30.0,77.0,77.0,0.3896,1.0,46149.82,3.48,23
ba90964cff9b9e0e6f32b23b82465f7b,17.0,29.0,10.0,38.0,38.0,0.2632,1.0,45523.5,4.42,11
634964b17796e64304cadf1ad3050fb7,118.0,169.0,102.0,259.0,259.0,0.3938,1.0,45014.1,3.87,28
834f3294fba9f932f56edc879193f925,34.0,49.0,25.0,66.0,66.0,0.3788,1.0,44207.42,4.55,3
7142540dd4c91e2237acb7e911c4eba2,163.0,224.0,112.0,313.0,313.0,0.3578,1.0,44025.68,4.07,265
b839e41795b7f3ad94cc2014a52f6796,14.0,23.0,15.0,33.0,33.0,0.4545,1.0,43749.93,4.03,10
2eb70248d66e0e3ef83659f71b244378,79.0,103.0,61.0,186.0,186.0,0.328,1.0,42046.73,2.84,28
1835b56ce799e6a4dc4eddc053f04066,207.0,265.0,167.0,415.0,415.0,0.4024,1.0,41628.28,3.63,144
7178f9f4dd81dcef02f62acdf8151e01,91.0,122.0,75.0,202.0,202.0,0.3713,1.0,41180.44,4.05,57
7299e27ed73d2ad986de7f7c77d919fa,173.0,229.0,117.0,333.0,333.0,0.3514,1.0,40911.93,4.43,88
dbc22125167c298ef99da25668e1011f,199.0,263.0,137.0,393.0,393.0,0.3486,1.0,40616.55,4.28,100
c70c1b0d8ca86052f45a432a38b73958,140.0,190.0,113.0,252.0,252.0,0.4484,1.0,40190.56,4.32,65
c3867b4666c7d76867627c2f7fb22e21,136.0,168.0,73.0,226.0,226.0,0.323,1.0,39360.2,4.02,96
53e4c6e0f4312d4d2107a8c9cddf45cd,234.0,310.0,184.0,454.0,454.0,0.4053,1.0,39283.93,4.08,159
855668e0971d4dfd7bef1b6a4133b41b,118.0,175.0,83.0,297.0,297.0,0.2795,1.0,38408.56,3.85,72
87142160b41353c4e5fca2360caf6f92,161.0,222.0,131.0,302.0,302.0,0.4338,1.0,38314.31,4.36,56
0241d4d5d36f10f80c644447315af0bd,128.0,178.0,78.0,235.0,235.0,0.3319,1.0,38251.61,4.31,56
e9bc59e7b60fc3063eb2290deda4cced,108.0,153.0,82.0,206.0,206.0,0.3981,1.0,38082.42,4.03,42
2528513dd95219a6013d4d05176e391a,72.0,104.0,56.0,160.0,160.0,0.35,1.0,36400.97,3.98,84
88460e8ebdecbfecb5f9601833981930,118.0,162.0,87.0,240.0,240.0,0.3625,1.0,36258.59,3.38,12
76d5af76d0271110f9af36c92573f765,69.0,90.0,52.0,122.0,122.0,0.4262,1.0,35731.66,4.1,81
1554a68530182680ad5c8b042c3ab563,135.0,163.0,79.0,242.0,242.0,0.3264,1.0,35714.56,4.27,69
9c0e69c7bf2619675bbadf47b43f655a,83.0,107.0,62.0,150.0,150.0,0.4133,1.0,35543.82,4.1,67
70a12e78e608ac31179aea7f8422044b,131.0,182.0,101.0,311.0,311.0,0.3248,1.0,35487.25,3.8,119
5c243662ce92d84573bfaff24c3e3700,42.0,69.0,34.0,98.0,98.0,0.3469,1.0,34637.66,4.14,24
70eea00b476a314817cefde4aad4f89a,59.0,77.0,48.0,105.0,105.0,0.4571,1.0,34149.66,4.38,30
7681ef142fd2c19048da7430856b5588,31.0,40.0,23.0,57.0,57.0,0.4035,1.0,34074.67,4.18,24
001cca7ae9ae17fb1caed9dfb1094831,116.0,137.0,77.0,195.0,195.0,0.3949,1.0,33142.9,3.98,11
e59aa562b9f8076dd550fcddf0e73491,49.0,49.0,26.0,69.0,69.0,0.3768,1.0,32876.37,4.33,9
1900267e848ceeba8fa32d80c1a5f5a8,195.0,267.0,154.0,398.0,398.0,0.3869,1.0,32679.54,3.9,126
d1c281d3ae149232351cd8c8cc885f0d,111.0,145.0,69.0,211.0,211.0,0.327,1.0,32213.68,3.81,114
0b90b6df587eb83608a64ea8b390cf07,93.0,118.0,70.0,162.0,162.0,0.4321,1.0,32090.94,4.02,46
59b22a78efb79a4797979612b885db36,64.0,77.0,43.0,125.0,125.0,0.344,1.0,32082.07,3.98,67
d23019c84ffae2d5ef2270367b8605fc,22.0,28.0,13.0,39.0,39.0,0.3333,1.0,31954.84,4.41,8
9f505651f4a6abe901a56cdc21508025,190.0,285.0,153.0,390.0,390.0,0.3923,1.0,31862.59,4.31,77
a3a38f4affed601eb87a97788c949667,131.0,189.0,84.0,249.0,249.0,0.3373,1.0,31479.28,4.41,115
8b321bb669392f5163d04c59e235e066,473.0,644.0,321.0,925.0,925.0,0.347,1.0,31186.94,4.03,103
900ba814c251a692506d7834c1218441,55.0,65.0,28.0,86.0,86.0,0.3256,1.0,31167.46,4.24,7
16090f2ca825584b5a147ab24aa30c86,210.0,265.0,155.0,396.0,396.0,0.3914,1.0,30984.02,4.08,37
d2374cbcbb3ca4ab1086534108cc3ab7,264.0,322.0,163.0,500.0,500.0,0.326,1.0,30370.23,3.71,111
12b9676b00f60f3b700e83af21824c0e,72.0,104.0,48.0,133.0,133.0,0.3609,1.0,29901.67,4.54,37
c003204e1ab016dfa150abc119207b24,90.0,142.0,83.0,195.0,195.0,0.4256,1.0,29618.46,4.44,11
b32be1695eb7ec5f10f72d9610a12527,23.0,33.0,16.0,44.0,44.0,0.3636,1.0,29512.68,4.18,14
7e1fb0a3ebfb01ffb3a7dae98bf3238d,81.0,115.0,58.0,145.0,145.0,0.4,1.0,29052.62,4.17,25
de23c3b98a88888289c6f5cc1209054a,89.0,112.0,50.0,157.0,157.0,0.3185,1.0,28579.86,4.31,92
897060da8b9a21f655304d50fd935913,160.0,196.0,106.0,300.0,300.0,0.3533,1.0,28258.33,3.49,99
dc4a0fc896dc34b0d5bfec8438291c80,95.0,144.0,81.0,224.0,224.0,0.3616,1.0,28148.06,3.82,163
a416b6a846a11724393025641d4edd5e,72.0,110.0,51.0,156.0,156.0,0.3269,1.0,27865.8,4.22,109
1c68394e931a64f90ea236c5ea590300,83.0,85.0,51.0,138.0,138.0,0.3696,1.0,27729.16,3.93,39
f62d7bb4a613ec758a03342d46b580b2,17.0,25.0,13.0,32.0,32.0,0.4062,1.0,26790.59,4.38,2
1a3df491d1c4f1589fc2b934ada68bf2,84.0,117.0,60.0,160.0,160.0,0.375,1.0,26550.63,4.24,5
b94cc9f10ddc85e4ba73a6f7974e7101,17.0,28.0,11.0,39.0,39.0,0.2821,1.0,26368.49,4.33,7
710e3548e02bc1d2831dfc4f1b5b14d4,58.0,69.0,48.0,129.0,129.0,0.3721,1.0,26111.91,3.47,33
7ad32824caee82087b3e2e5f33b1bf32,74.0,103.0,47.0,145.0,145.0,0.3241,1.0,25495.8,3.81,74
612170e34b97004b3ba37eae81836b4c,48.0,77.0,40.0,107.0,107.0,0.3738,1.0,25372.08,4.43,48
f45122a9ab94eb4f3f8953578bc0c560,85.0,116.0,56.0,183.0,183.0,0.306,1.0,25043.87,3.92,88
8f2ce03f928b567e3d56181ae20ae952,74.0,99.0,51.0,150.0,150.0,0.34,1.0,24969.8,4.12,78
729f06993dac8e860d4f02d7088ca48a,51.0,69.0,35.0,94.0,94.0,0.3723,1.0,24798.27,4.34,17
2b3e4a2a3ea8e01938cabda2a3e5cc79,21.0,41.0,21.0,52.0,52.0,0.4038,1.0,24535.1,4.39,13
744dac408745240a2c2528fb1b6028f3,38.0,60.0,28.0,78.0,78.0,0.359,1.0,24200.4,4.55,75
06e5eefc71ec47ae763c5c6f8db7064f,54.0,59.0,31.0,90.0,90.0,0.3444,1.0,23800.32,3.98,34
0dd184061fb0eaa7ca37932c68ab91c5,87.0,107.0,58.0,160.0,160.0,0.3625,1.0,23766.42,3.96,11
ff69aa92bb6b1bf9b8b7a51c2ed9cf8b,5.0,13.0,8.0,20.0,20.0,0.4,1.0,23695.2,3.65,13
85d9eb9ddc5d00ca9336a2219c97bb13,244.0,336.0,164.0,497.0,497.0,0.33,1.0,23539.91,4.21,63
8444e55c1f13cd5c179851e5ca5ebd00,47.0,57.0,26.0,91.0,91.0,0.2857,1.0,23445.67,3.16,52
00ee68308b45bc5e2660cd833c3f81cc,73.0,101.0,62.0,134.0,134.0,0.4627,1.0,23440.66,4.33,23
7b0df942f46435babab05d49b744b2c4,16.0,24.0,13.0,32.0,32.0,0.4062,1.0,23272.78,4.41,16
59fb871bf6f4522a87ba567b42dafecf,60.0,101.0,39.0,123.0,123.0,0.3171,1.0,23192.18,4.26,23
004c9cd9d87a3c30c522c48c4fc07416,87.0,106.0,60.0,155.0,155.0,0.3871,1.0,23094.02,4.17,87
05ff92fedb5be47920fea08e501238b9,34.0,44.0,22.0,56.0,56.0,0.3929,1.0,22983.87,4.28,16
dc317f341ab0e22f39acbd9dbf9b4a1f,37.0,41.0,18.0,54.0,54.0,0.3333,1.0,22570.13,4.12,7
f457c46070d02cadd8a68551231220dd,100.0,125.0,60.0,189.0,189.0,0.3175,1.0,22449.01,3.81,23
48162d548f5b1b11b9d29d1e01f75a61,35.0,47.0,29.0,64.0,64.0,0.4531,1.0,22151.83,3.82,42
bfd27a966d91cfaafdb25d076585f0da,57.0,90.0,37.0,114.0,114.0,0.3246,1.0,21861.41,4.33,53
44073f8b7e41514de3b7815dd0237f4f,59.0,84.0,47.0,142.0,142.0,0.331,1.0,21519.49,3.75,76
128639473a139ac0f3e5f5ade55873a5,271.0,376.0,179.0,526.0,526.0,0.3403,1.0,21475.54,4.21,66
0c8380b62e38e8a1e6adbeba7eb9688c,88.0,126.0,62.0,178.0,178.0,0.3483,1.0,21300.74,4.07,92
76d64c4aca3a7baf218bf93ef7fa768d,36.0,48.0,29.0,63.0,63.0,0.4603,1.0,20455.29,4.12,37
54a1852d1b8f10312c55e906355666ee,95.0,136.0,82.0,196.0,196.0,0.4184,1.0,20418.03,4.37,47
fa40cc5b934574b62717c68f3d678b6d,165.0,213.0,102.0,299.0,299.0,0.3411,1.0,20383.01,4.45,16
7aa4334be125fcdd2ba64b3180029f14,102.0,146.0,74.0,211.0,211.0,0.3507,1.0,20330.52,4.08,39
cd68562d3f44870c08922d380acae552,49.0,87.0,34.0,122.0,122.0,0.2787,1.0,20279.86,3.91,57
96493fab2fbb13a14d0c0e8772eef5c3,25.0,41.0,24.0,63.0,63.0,0.381,1.0,20181.23,4.05,54
41b39e28db005d9731d9d485a83b4c38,92.0,136.0,73.0,185.0,185.0,0.3946,1.0,20064.52,4.24,126
527801b552d0077ffd170872eb49683b,43.0,67.0,38.0,89.0,89.0,0.427,1.0,20005.36,4.49,26
1e8b33f18b4f7598d87f5cbee2282cc2,68.0,83.0,46.0,122.0,122.0,0.377,1.0,19924.07,4.32,30
c33847515fa6305ce6feb1e818569f13,52.0,68.0,50.0,114.0,114.0,0.4386,1.0,19894.26,3.72,39
86ccac0b835037332a596a33b6949ee1,78.0,121.0,78.0,177.0,177.0,0.4407,1.0,19799.95,4.04,71
9de4643a8dbde634fe55621059d92273,35.0,51.0,27.0,72.0,72.0,0.375,1.0,19282.41,4.53,5
821fb029fc6e495ca4f08a35d51e53a5,11.0,10.0,9.0,24.0,24.0,0.375,1.0,19217.17,3.56,9
d650b663c3b5f6fb392b6326366efa9a,31.0,37.0,26.0,56.0,56.0,0.4643,1.0,19188.01,4.37,29
4b9750c8ad28220fe6702d4ecb7c898f,106.0,141.0,67.0,216.0,216.0,0.3102,1.0,19173.85,4.35,33
165fc07beebdcb6190fba8a06db2a449,27.0,31.0,20.0,50.0,50.0,0.4,1.0,19081.43,3.69,27
4c2b230173bb36f9b240f2b8ac11786e,118.0,173.0,104.0,253.0,253.0,0.4111,1.0,18828.71,3.77,20
c72de06d72748d1a0dfb2125be43ba63,16.0,13.0,10.0,21.0,21.0,0.4762,1.0,18733.18,4.45,8
79ebd9a61bac3eaf882805ed4ecfa12a,64.0,93.0,45.0,132.0,132.0,0.3409,1.0,18730.52,4.01,113
94144541854e298c2d976cb893b81343,36.0,47.0,26.0,68.0,68.0,0.3824,1.0,18715.65,4.34,23
a888faf2d1baececa6baf9c3d603ee1f,31.0,33.0,20.0,53.0,53.0,0.3774,1.0,18672.75,4.11,19
213b25e6f54661939f11710a6fddb871,71.0,101.0,57.0,152.0,152.0,0.375,1.0,18486.96,3.84,79
ef0ace09169ac090589d85746e3e036f,65.0,94.0,42.0,128.0,128.0,0.3281,1.0,18404.78,4.37,22
2a84855fd20af891be03bc5924d2b453,85.0,109.0,56.0,154.0,154.0,0.3636,1.0,18265.72,4.36,53
2138ccb85b11a4ec1e37afbd1c8eda1f,165.0,259.0,123.0,385.0,385.0,0.3195,1.0,17991.89,3.92,157
0adac9fbd9a2b63cccaac4f8756c1ca8,68.0,75.0,47.0,106.0,106.0,0.4434,1.0,17955.5,4.01,64
abe42c5d03695b4257b5c6cbf4e6784e,25.0,31.0,17.0,49.0,49.0,0.3469,1.0,17947.55,3.98,36
229c3efbfb0ea2058de4ccdfbc3d784a,53.0,81.0,46.0,117.0,117.0,0.3932,1.0,17779.71,3.66,24
8ae520247981aa06bc94abddf5f46d34,39.0,46.0,23.0,65.0,65.0,0.3538,1.0,17766.34,4.45,50
01fdefa7697d26ad920e9e0346d4bd1b,54.0,87.0,47.0,128.0,128.0,0.3672,1.0,17532.79,4.38,21
4a3ccda38b2129705f3fb522db62ca31,30.0,50.0,22.0,64.0,64.0,0.3438,1.0,17508.81,3.8,43
66922902710d126a0e7d26b0e3805106,77.0,98.0,53.0,150.0,150.0,0.3533,1.0,17464.93,4.48,20
d921b68bf747894be13a97ae52b0f386,43.0,54.0,28.0,77.0,77.0,0.3636,1.0,17403.81,4.56,46
1b4c3a6f53068f0b6944d2d005c9fc89,63.0,73.0,41.0,111.0,111.0,0.3694,1.0,17396.99,4.15,31
5cf13accae3222c70a9cac40818ae839,84.0,110.0,55.0,148.0,148.0,0.3716,1.0,17296.18,4.46,34
e5a38146df062edaf55c38afa99e42dc,61.0,74.0,36.0,120.0,120.0,0.3,1.0,17156.43,3.98,27
d94a40fd42351c259927028d163af842,43.0,75.0,40.0,99.0,99.0,0.404,1.0,17022.37,4.16,16
2e90cb1677d35cfe24eef47d441b7c87,62.0,83.0,49.0,124.0,124.0,0.3952,1.0,16782.16,4.04,22
6d66611d7c44cc30ce351abc49a68421,80.0,107.0,50.0,163.0,163.0,0.3067,1.0,16645.26,3.94,59
2a5b78b41cd05baeac8df54c6606b92c,23.0,33.0,19.0,44.0,44.0,0.4318,1.0,16575.47,4.3,23
1f1bb1f0859883505541bdd6606193e5,11.0,26.0,13.0,27.0,27.0,0.4815,1.0,16562.87,4.31,24
6061155addc1e54b4cfb51c1c2a32ad8,17.0,19.0,9.0,27.0,27.0,0.3333,1.0,16513.31,4.7,15
669ae81880e08f269a64487cfb287169,82.0,121.0,59.0,161.0,161.0,0.3665,1.0,16485.2,4.16,16
c847e075301870dd144a116762eaff9a,23.0,31.0,16.0,41.0,41.0,0.3902,1.0,16341.48,4.21,5
a3e9a2c700480d9bb01fba070ba80a0e,66.0,89.0,45.0,129.0,129.0,0.3488,1.0,16240.83,4.04,72
3b15288545f8928d3e65a8f949a28291,58.0,66.0,42.0,101.0,101.0,0.4158,1.0,16164.88,3.96,45
cfb1a033743668a192316f3c6d1d2671,79.0,107.0,68.0,143.0,143.0,0.4755,1.0,15970.7,4.03,60
a673821011d0cec28146ea42f5ab767f,50.0,87.0,49.0,124.0,124.0,0.3952,1.0,15928.04,3.97,51
f9244d45189d3a3605499abddeade7d5,14.0,10.0,9.0,20.0,20.0,0.45,1.0,15902.16,4.35,10
6edacfd9f9074789dad6d62ba7950b9c,102.0,140.0,64.0,205.0,205.0,0.3122,1.0,15872.28,4.39,142
6039e27294dc75811c0d8a39069f52c0,31.0,44.0,28.0,63.0,63.0,0.4444,1.0,15835.52,3.86,10
8e6d7754bc7e0f22c96d255ebda59eba,45.0,61.0,27.0,84.0,84.0,0.3214,1.0,15793.35,2.99,28
a5cba26a62b8b4d0145b68b841e62e7f,27.0,43.0,17.0,53.0,53.0,0.3208,1.0,15785.77,4.57,18
1f9ab4708f3056ede07124aad39a2554,40.0,54.0,33.0,76.0,76.0,0.4342,1.0,15692.65,4.12,5
701938c450705b8ae65fc923b70f35c7,40.0,47.0,30.0,73.0,73.0,0.411,1.0,15650.89,3.77,9
b8bc237ba3788b23da09c0f1f3a3288c,25.0,25.0,11.0,45.0,45.0,0.2444,1.0,15621.16,4.36,1
080199a181c46c657dc5aa235411be3b,34.0,61.0,29.0,79.0,79.0,0.3671,1.0,15544.88,4.61,40
289cdb325fb7e7f891c38608bf9e0962,52.0,84.0,44.0,108.0,108.0,0.4074,1.0,15486.07,4.59,25
ce248b21cb2adc36282ede306b7660e5,28.0,39.0,23.0,61.0,61.0,0.377,1.0,15455.2,4.25,36
ac3508719a1d8f5b7614b798f70af136,58.0,78.0,41.0,101.0,101.0,0.4059,1.0,15410.66,4.64,47
aba1721a889e04decc910aa13b768ef4,51.0,53.0,32.0,81.0,81.0,0.3951,1.0,15352.47,4.46,76
c31eff8334d6b3047ed34bebd4d62c36,45.0,63.0,31.0,120.0,120.0,0.2583,1.0,15350.85,3.88,5
530ec6109d11eaaf87999465c6afee01,49.0,57.0,36.0,93.0,93.0,0.3871,1.0,15279.16,4.32,28
c6bda72e4dbf5c5866b13cb1810c6d03,29.0,39.0,17.0,59.0,59.0,0.2881,1.0,15196.12,4.4,27
440dd6ab244315c632130ecfb63827b1,43.0,56.0,34.0,91.0,91.0,0.3736,1.0,15135.68,3.89,28
431af27f296bc6519d890aa5a05fdb11,49.0,72.0,38.0,116.0,116.0,0.3276,1.0,15103.05,3.81,20
05f51e13da97139648b8125c31e5f51b,37.0,33.0,18.0,57.0,57.0,0.3158,1.0,14988.96,4.25,19
a7f13822ceb966b076af67121f87b063,41.0,49.0,24.0,73.0,73.0,0.3288,1.0,14980.43,3.51,31
00fc707aaaad2d31347cf883cd2dfe10,54.0,78.0,44.0,102.0,102.0,0.4314,1.0,14969.99,3.8,19
d50d79cb34e38265a8649c383dcffd48,39.0,49.0,31.0,69.0,69.0,0.4493,1.0,14944.68,4.26,19
ce7d1888639e6fb06b2749cbfdac1ff7,42.0,57.0,29.0,78.0,78.0,0.3718,1.0,14876.54,4.11,14
0ea22c1cfbdc755f86b9b54b39c16043,111.0,165.0,86.0,219.0,219.0,0.3927,1.0,14824.08,4.35,151
9e6229250fedbe05838fef417b74e7fb,35.0,47.0,26.0,73.0,73.0,0.3562,1.0,14797.26,3.9,25
0b35c634521043bf4b47e21547b99ab5,28.0,33.0,23.0,49.0,49.0,0.4694,1.0,14690.79,3.55,39
48436dade18ac8b2bce089ec2a041202,57.0,93.0,45.0,134.0,134.0,0.3358,1.0,14662.01,4.13,22
ef506c96320abeedfb894c34db06f478,134.0,196.0,97.0,315.0,315.0,0.3079,1.0,14648.8,3.94,115
2e1c9f22be269ef4643f826c9e650a52,92.0,111.0,58.0,159.0,159.0,0.3648,1.0,14491.52,4.24,71
e26901d5ab434ce92fd9b5c256820a4e,100.0,147.0,76.0,197.0,197.0,0.3858,1.0,14481.63,4.14,16
34d1ca11b242c0fee2c834ae8d788566,21.0,27.0,17.0,40.0,40.0,0.425,1.0,14404.28,4.32,4
d05ae8f7a5bd1d2a690a44cd079e4e27,31.0,54.0,27.0,74.0,74.0,0.3649,1.0,14385.65,3.84,11
d6b1ce66b035a475f00c017792ff9769,45.0,64.0,39.0,92.0,92.0,0.4239,1.0,14315.88,4.2,18
8d956fec2e4337affcb520f56fd8cbfd,116.0,148.0,81.0,210.0,210.0,0.3857,1.0,14302.05,4.2,52
813348c996469b40f2e028d5429d3495,103.0,115.0,56.0,171.0,171.0,0.3275,1.0,14271.23,4.02,4
2b1a40c1daabc6ca280c4b815c101841,15.0,18.0,9.0,22.0,22.0,0.4091,1.0,14175.74,3.79,19
240b9776d844d37535668549a396af32,18.0,25.0,13.0,35.0,35.0,0.3714,1.0,14171.65,4.34,11
ff063b022a9a0aab91bad2c9088760b7,50.0,68.0,32.0,94.0,94.0,0.3404,1.0,14061.27,4.29,9
95e03ca3d4146e4011985981aeb959b9,82.0,123.0,63.0,171.0,171.0,0.3684,1.0,14054.46,4.02,54
1ca7077d890b907f89be8c954a02686a,39.0,55.0,26.0,106.0,106.0,0.2453,1.0,13996.65,2.29,19
75d34ebb1bd0bd7dde40dd507b8169c3,31.0,40.0,13.0,57.0,57.0,0.2281,1.0,13969.77,3.99,15
cab85505710c7cb9b720bceb52b01cee,92.0,130.0,79.0,199.0,199.0,0.397,1.0,13951.99,4.34,28
0be8ff43f22e456b4e0371b2245e4d01,79.0,102.0,55.0,155.0,155.0,0.3548,1.0,13844.49,3.97,119
b372ee768ed69e46ca8cdbd267aa7a38,34.0,40.0,17.0,57.0,57.0,0.2982,1.0,13813.84,4.4,24
80e6699fe29150b372a0c8a1ebf7dcc8,57.0,64.0,36.0,96.0,96.0,0.375,1.0,13786.81,4.36,32
e24fc9fcd865784fb25705606fe3dfe7,30.0,36.0,19.0,51.0,51.0,0.3725,1.0,13780.71,4.18,22
8cc6a0e5738e61a87b03c78b2ba9db4b,13.0,18.0,5.0,23.0,23.0,0.2174,1.0,13776.6,4.42,13
99eaacc9e6046db1c82b163c5f84869f,36.0,44.0,23.0,63.0,63.0,0.3651,1.0,13723.94,4.01,18
6cd68b3ed6d59aaa9fece558ad360c0a,76.0,98.0,46.0,149.0,149.0,0.3087,1.0,13718.46,4.45,54
5a8e7d5003a1f221f9e1d6e411de7c23,79.0,97.0,49.0,136.0,136.0,0.3603,1.0,13708.8,4.19,69
adbc26658d6c7b4b6219f9d934598091,41.0,61.0,39.0,88.0,88.0,0.4432,1.0,13692.25,4.05,9
c8b0e2b0a7095e5d8219575d5e7e1181,44.0,56.0,28.0,83.0,83.0,0.3373,1.0,13657.34,4.06,58
70c27847eca8195c983ed7e798c56743,43.0,58.0,33.0,77.0,77.0,0.4286,1.0,13529.18,4.2,20
056b4ada5bbc2c50cc7842547dda6b51,25.0,47.0,27.0,64.0,64.0,0.4219,1.0,13485.79,4.17,23
e8b3a3a38279a82f0e5d006d5e5b7d2c,50.0,45.0,23.0,80.0,80.0,0.2875,1.0,13408.21,3.93,48
ed4acab38528488b65a9a9c603ff024a,14.0,23.0,5.0,32.0,32.0,0.1562,1.0,13369.76,3.72,30
09f952a5f58d2285b0372551ae8f9b01,22.0,37.0,20.0,50.0,50.0,0.4,1.0,13346.46,3.88,11
1d8dbc4f32378d715c717c1c1fc57bae,45.0,63.0,32.0,90.0,90.0,0.3556,1.0,13291.14,3.95,25
25e6ffe976bd75618accfe16cefcbd0d,51.0,79.0,36.0,106.0,106.0,0.3396,1.0,13239.8,4.42,53
7202e2ba20579a9bd1acb29e61fe71f6,25.0,32.0,20.0,51.0,51.0,0.3922,1.0,13217.21,3.96,19
c66dccfb3f109511246da627dd5a2498,21.0,33.0,17.0,44.0,44.0,0.3864,1.0,13127.29,4.57,43
562fc2f2c2863ab7e79a9e4388a58a14,125.0,173.0,78.0,253.0,253.0,0.3083,1.0,12884.21,4.25,36
1da3aeb70d7989d1e6d9b0e887f97c23,133.0,177.0,109.0,253.0,253.0,0.4308,1.0,12867.08,4.08,152
d1b65fc7debc3361ea86b5f14c68d2e2,17.0,27.0,17.0,39.0,39.0,0.4359,1.0,12823.32,4.65,30
5058e8c1e82653974541e83690655b4a,29.0,46.0,20.0,62.0,62.0,0.3226,1.0,12821.46,3.13,30
6e386f64c84e482f0b9abf960797ee1b,15.0,22.0,16.0,29.0,29.0,0.5517,1.0,12820.81,4.62,13
c9c7905cffc4ef9ff9f113554423e671,63.0,91.0,46.0,127.0,127.0,0.3622,1.0,12766.71,4.16,22
b499c00f28f4b7069ff6550af8c1348a,90.0,103.0,58.0,144.0,144.0,0.4028,1.0,12665.78,4.23,67
f262cbc1c910c83959f849465454ddd3,88.0,133.0,67.0,188.0,188.0,0.3564,1.0,12654.9,4.12,80
72c5da29406b4234927b81855e7b64f6,17.0,20.0,8.0,31.0,31.0,0.2581,1.0,12652.47,4.13,6
66e0557ecc2b4dbea057e93f215f68d8,18.0,23.0,12.0,30.0,30.0,0.4,1.0,12628.42,4.03,18
dd2bdf855a9172734fbc3744021ae9b9,43.0,63.0,39.0,104.0,104.0,0.375,1.0,12599.01,3.88,43
ca3bd7cd9f149df75950150d010fe4a2,38.0,50.0,30.0,67.0,67.0,0.4478,1.0,12572.36,3.79,51
1c129092bf23f28a5930387c980c0dfc,98.0,137.0,73.0,199.0,199.0,0.3668,1.0,12550.19,4.19,15
4830e40640734fc1c52cd21127c341d4,113.0,149.0,73.0,204.0,204.0,0.3578,1.0,12502.42,4.18,52
7901646fdd36a55f564ffaf2dbccaaf7,14.0,17.0,10.0,21.0,21.0,0.4762,1.0,12478.83,4.44,12
7ea5bfa6c340f58f8e71fc1f0412b0d6,47.0,63.0,39.0,96.0,96.0,0.4062,1.0,12470.26,4.15,8
54965bbe3e4f07ae045b90b0b8541f52,37.0,37.0,20.0,73.0,73.0,0.274,1.0,12427.96,3.19,52
7040e82f899a04d1b434b795a43b4617,90.0,123.0,73.0,208.0,208.0,0.351,1.0,12336.96,3.61,59
c864036feaab8c1659f65ea4faebe1da,33.0,41.0,18.0,58.0,58.0,0.3103,1.0,12299.77,4.57,29
82e0a475a88cc9595229d8029273f045,29.0,33.0,20.0,41.0,41.0,0.4878,1.0,12216.4,3.38,38
5343d0649eca2a983820bfe93fc4d17e,30.0,46.0,34.0,69.0,69.0,0.4928,1.0,12194.09,3.66,48
33a6f4b1e7cdc205511e76ba1b6e0186,58.0,74.0,53.0,104.0,104.0,0.5096,1.0,12183.91,4.36,15
dd7ddc04e1b6c2c614352b383efe2d36,63.0,81.0,45.0,121.0,121.0,0.3719,1.0,12025.18,3.79,40
17ca9b9e9b9ef8fdb529001b49ebb50f,61.0,72.0,49.0,115.0,115.0,0.4261,1.0,11998.82,4.03,46
c60b801f2d52c7f7f91de00870882a75,16.0,21.0,12.0,39.0,39.0,0.3077,1.0,11994.94,3.44,16
23d7c96d4a1160db1c726b248601b25a,29.0,34.0,22.0,50.0,50.0,0.44,1.0,11947.17,3.97,40
f3b80352b986ab4d1057a4b724be19d0,40.0,64.0,28.0,85.0,85.0,0.3294,1.0,11941.36,4.16,4
4e7c18b98d84e05cbae3ff0ff03846c2,43.0,63.0,25.0,81.0,81.0,0.3086,1.0,11862.36,4.18,31
32b8764b4ef628b53608fc34011fcc13,16.0,24.0,12.0,36.0,36.0,0.3333,1.0,11854.42,4.24,11
9d5a9018aee56acb367ba9c3f05d1d6a,34.0,50.0,28.0,66.0,66.0,0.4242,1.0,11791.39,4.44,22
f80edd2c5aaa505cc4b0a3b219abf4b8,62.0,91.0,35.0,115.0,115.0,0.3043,1.0,11790.62,4.14,23
6973a06f484aacf400ece213dbf3d946,39.0,59.0,39.0,88.0,88.0,0.4432,1.0,11706.59,3.69,12
aafe36600ce604f205b86b5084d3d767,59.0,87.0,41.0,129.0,129.0,0.3178,1.0,11673.2,4.38,30
aaed1309374718fdd995ee4c58c9dfcd,56.0,75.0,36.0,102.0,102.0,0.3529,1.0,11659.73,4.05,53
ce27a3cc3c8cc1ea79d11e561e9bebb6,63.0,94.0,45.0,122.0,122.0,0.3689,1.0,11620.12,4.26,39
31344c16881c08a8a72c6d2eb29918c1,19.0,30.0,21.0,42.0,42.0,0.5,1.0,11574.35,4.43,10
8b28d096634035667e8263d57ba3368c,58.0,86.0,54.0,138.0,138.0,0.3913,1.0,11533.04,3.92,47
3db66a856d18a9cba7c9241fc5221c50,58.0,58.0,33.0,93.0,93.0,0.3548,1.0,11522.66,4.19,38
01cf7e3d21494c41fb86034f2e714fa1,31.0,47.0,21.0,59.0,59.0,0.3559,1.0,11404.01,4.2,21
0df3984f9dfb3d49ac6366acbd3bbb85,47.0,60.0,37.0,84.0,84.0,0.4405,1.0,11374.54,4.34,25
9d4db00d65d7760644ac0c14edb5fd86,51.0,74.0,38.0,97.0,97.0,0.3918,1.0,11355.3,4.55,41
9b013e03b2ab786505a1d3b5c0756754,92.0,128.0,59.0,169.0,169.0,0.3491,1.0,11270.83,4.09,56
92eb0f42c21942b6552362b9b114707d,147.0,207.0,100.0,332.0,332.0,0.3012,1.0,11262.04,3.96,52
5656537e588803a555b8eb41f07a944b,78.0,90.0,53.0,170.0,170.0,0.3118,1.0,11255.55,3.82,72
ea566164622c6b439516ab18062c42cd,19.0,29.0,13.0,50.0,50.0,0.26,1.0,11167.98,3.75,19
fffd5413c0700ac820c7069d66d98c89,31.0,41.0,15.0,57.0,57.0,0.2632,1.0,11125.3,3.93,28
6c7d50c24b3ccd2fd83b44d8bb34e073,63.0,72.0,46.0,112.0,112.0,0.4107,1.0,11123.79,4.44,12
81a1104df0f08b59c68aa5b03cfe398e,32.0,52.0,28.0,72.0,72.0,0.3889,1.0,11115.43,4.33,17
bd23da7354813347129d751591d1a6e2,42.0,58.0,31.0,86.0,86.0,0.3605,1.0,11089.16,4.14,9
259f7b5e6e482c230e5bfaa670b6bb8f,76.0,109.0,49.0,136.0,136.0,0.3603,1.0,11087.42,4.28,24
0db783cfcd3b73998abc6e10e59a102f,65.0,94.0,51.0,132.0,132.0,0.3864,1.0,11076.55,4.22,14
cbd996ad3c1b7dc71fd0e5f5df9087e2,91.0,106.0,58.0,160.0,160.0,0.3625,1.0,10989.44,4.17,13
e5a3438891c0bfdb9394643f95273d8e,96.0,133.0,75.0,209.0,209.0,0.3589,1.0,10830.7,3.89,179
624f4ece8da4aafb77699233d480f8ef,26.0,41.0,20.0,51.0,51.0,0.3922,1.0,10751.55,4.19,9
b92e3c8f9738272ff7c59e111e108d7c,37.0,40.0,19.0,62.0,62.0,0.3065,1.0,10645.3,4.06,36
066a6914e1ebf3ea95a216c73a986b91,29.0,37.0,21.0,66.0,66.0,0.3182,1.0,10611.56,3.97,44
7b1222c3624aa89b9558b50a2594188c,12.0,17.0,10.0,22.0,22.0,0.4545,1.0,10561.09,4.45,9
7b07b3c7487f0ea825fc6df75abd658b,49.0,51.0,33.0,91.0,91.0,0.3626,1.0,10552.16,4.4,65
7008613ea464bad5cb9b83456e1e6a8f,67.0,90.0,41.0,123.0,123.0,0.3333,1.0,10488.04,4.3,19
f27e33c6d29b5138fa9967bcd445b6d5,46.0,72.0,37.0,92.0,92.0,0.4022,1.0,10482.25,4.09,22
a49928bcdf77c55c6d6e05e09a9b4ca5,47.0,49.0,35.0,96.0,96.0,0.3646,1.0,10373.82,2.97,3
b2ac621f0d0322434d04a12b078b9369,13.0,21.0,13.0,30.0,30.0,0.4333,1.0,10356.89,4.4,13
cb8bcce248bb1fb274ba762d8b971456,39.0,53.0,26.0,66.0,66.0,0.3939,1.0,10352.49,4.34,5
0bae85eb84b9fb3bd773911e89288d54,74.0,90.0,50.0,134.0,134.0,0.3731,1.0,10340.56,4.23,45
e96498ed8daaa3e9c23f7a62da76591c,13.0,22.0,17.0,34.0,34.0,0.5,1.0,10332.19,3.94,23
048c2757535328e0d7dac690ad3c0aae,26.0,38.0,24.0,50.0,50.0,0.48,1.0,10312.41,4.26,20
b1a81260566c1bac3114a6d124413f27,28.0,32.0,17.0,49.0,49.0,0.3469,1.0,10250.2,4.22,26
d98eec89afa3380e14463da2aabaea72,91.0,108.0,51.0,165.0,165.0,0.3091,1.0,10225.31,4.3,26
b1fc4f64df5a0e8b6913ab38803c57a9,45.0,66.0,37.0,107.0,107.0,0.3458,1.0,10140.99,3.8,5
3c487ae8f8d7542beff5788e2e0aea83,16.0,15.0,10.0,27.0,27.0,0.3704,1.0,10105.35,3.91,11
5b8154610ebb21fb90eb587365e673df,21.0,28.0,13.0,37.0,37.0,0.3514,1.0,10096.72,4.18,17
e7df4cd29ab5abab70fb0783ddb53987,14.0,19.0,12.0,23.0,23.0,0.5217,1.0,10022.07,4.29,21
972d0f9cf61b499a4812cf0bfa3ad3c4,39.0,53.0,27.0,80.0,80.0,0.3375,1.0,10011.15,3.01,15
febab0275244b9a49a623f0bd613ca2f,59.0,83.0,36.0,105.0,105.0,0.3429,1.0,10001.31,4.32,45
5f2684dab12e59f83bef73ae57724e45,39.0,42.0,21.0,67.0,67.0,0.3134,1.0,9980.72,3.75,28
8e8a7ce9f2f970dc00e2acf6f6e199f6,32.0,39.0,23.0,63.0,63.0,0.3651,1.0,9968.78,4.02,6
640e21a7d01df7614a3b4923e990d40c,66.0,80.0,39.0,114.0,114.0,0.3421,1.0,9960.55,4.29,12
6d803cb79cc31c41c4c789a75933b3c7,31.0,38.0,15.0,56.0,56.0,0.2679,1.0,9925.07,4.28,17
d71d863e5ef30d94e440c11be17dcd8f,9.0,14.0,8.0,23.0,23.0,0.3478,1.0,9920.09,3.67,6
2dee2ce60de9709b1a24083217181a1f,27.0,33.0,21.0,54.0,54.0,0.3889,1.0,9844.56,4.36,8
4371b634e0efc0e22b09b52907d9d469,53.0,71.0,48.0,100.0,100.0,0.48,1.0,9645.01,4.44,39
06df0c10d34e459d9672bc77388742eb,12.0,23.0,11.0,26.0,26.0,0.4231,1.0,9595.77,4.37,1
7d456afc660226829370f3173d14520c,35.0,38.0,31.0,54.0,54.0,0.5741,1.0,9579.53,4.26,22
8a432f4e5b471f8da497d7dc517666e2,57.0,65.0,35.0,95.0,95.0,0.3684,1.0,9520.11,4.22,48
33a17d60c64393351ebf1ef860f4e0f2,28.0,31.0,12.0,43.0,43.0,0.2791,1.0,9431.86,4.62,11
17306570e772e7718c92a562d33f5f1d,13.0,18.0,7.0,27.0,27.0,0.2593,1.0,9415.91,3.77,20
9596c870880d900012f2e8e6e30d06d7,12.0,15.0,7.0,21.0,21.0,0.3333,1.0,9371.71,4.17,11
af4a0e4cfe1d9c26b6712b1be25a72e5,9.0,13.0,6.0,21.0,21.0,0.2857,1.0,9351.6,3.5,17
37515688008a7a40ac93e3b2e4ab203f,118.0,169.0,75.0,227.0,227.0,0.3304,1.0,9350.75,4.1,3
ebd2d60905fb58271facef5596b620d3,41.0,54.0,33.0,82.0,82.0,0.4024,1.0,9350.4,4.24,39
18a349e75d307f4b4cc646a691ed4216,51.0,59.0,42.0,108.0,108.0,0.3889,1.0,9315.87,3.53,40
7a241947449cc45dbfda4f9d0798d9d0,24.0,37.0,18.0,56.0,56.0,0.3214,1.0,9309.64,3.8,15
fdb9095204a334cd8872252ffec6f2db,26.0,38.0,22.0,46.0,46.0,0.4783,1.0,9289.37,4.14,14
609e1a9a6c2539919b8205cf7c4e6ff0,48.0,61.0,31.0,87.0,87.0,0.3563,1.0,9282.42,3.68,69
3078096983cf766a32a06257648502d1,35.0,41.0,22.0,56.0,56.0,0.3929,1.0,9281.09,4.3,37
db2956745b3a8e9f3785c99f34b5d25e,21.0,30.0,21.0,45.0,45.0,0.4667,1.0,9208.26,3.8,6
4bfc7a4a1cf8d4d2121c27422d9e50b5,19.0,19.0,11.0,26.0,26.0,0.4231,1.0,9191.59,4.22,7
725c32fa80c2faacc4fc88450d27314e,41.0,64.0,31.0,88.0,88.0,0.3523,1.0,9166.66,4.55,36
750303a20e9c56b2a6bc45cdce0b897d,22.0,35.0,26.0,53.0,53.0,0.4906,1.0,9164.82,4.34,37
b4ffb71f0cb1b1c3d63fad021ecf93e1,67.0,107.0,47.0,141.0,141.0,0.3333,1.0,9137.44,4.04,97
aac29b1b99776be73c3049939652091d,59.0,61.0,38.0,94.0,94.0,0.4043,1.0,9133.28,4.04,14
bd0389da23d89b726abf911cccc54596,40.0,55.0,32.0,87.0,87.0,0.3678,1.0,9128.47,4.2,57
6c177e38df6d3f34182b1f1d427231bf,26.0,35.0,18.0,53.0,53.0,0.3396,1.0,9115.05,4.15,20
7722b1df1b0e383e000397b2c11e3e19,66.0,88.0,44.0,132.0,132.0,0.3333,1.0,9106.08,4.23,76
08633c14ef2db992c11f840f04fad4cd,44.0,52.0,41.0,72.0,72.0,0.5694,1.0,9068.82,4.24,16
903037660cf848a717166eb7a06d616e,23.0,29.0,15.0,44.0,44.0,0.3409,1.0,9019.17,3.81,35
054694fa03fe82cec4b7551487331d74,8.0,9.0,6.0,20.0,20.0,0.3,1.0,8946.34,3.29,14
36a968b544695394e4e9d7572688598f,71.0,99.0,53.0,148.0,148.0,0.3581,1.0,8917.7,3.73,39
fcb5ace8bcc92f75707dc0f01a27d269,31.0,41.0,17.0,58.0,58.0,0.2931,1.0,8914.84,3.91,41
6fd52c528dcb38be2eea044946b811f8,28.0,41.0,26.0,67.0,67.0,0.3881,1.0,8881.58,3.54,48
5b925e1d006e9476d738aa200751b73b,36.0,41.0,21.0,58.0,58.0,0.3621,1.0,8801.84,4.6,8
93dc87703c046b603023e75222018b45,20.0,27.0,9.0,33.0,33.0,0.2727,1.0,8798.34,4.21,25
4e17c65a516f69d023a2ae78b84f28d6,38.0,48.0,21.0,61.0,61.0,0.3443,1.0,8794.8,4.08,47
dbb9b48c841a0e39e21f98e1a6b2ec3e,56.0,77.0,39.0,108.0,108.0,0.3611,1.0,8768.26,4.2,55
0432ead42b6c8a0bdf68154add917fdf,47.0,55.0,23.0,82.0,82.0,0.2805,1.0,8754.4,4.55,53
5d0363b33554b373851fc1622e4d5f3c,39.0,67.0,35.0,93.0,93.0,0.3763,1.0,8724.27,4.09,54
e333046ce6517bd8bb510291d44f0130,33.0,49.0,29.0,68.0,68.0,0.4265,1.0,8699.32,4.39,47
062ce95fa2ad4dfaedfc79260130565f,33.0,35.0,20.0,54.0,54.0,0.3704,1.0,8663.43,4.02,14
8648b1e89e9b349e32d3741b30ec737e,53.0,69.0,34.0,91.0,91.0,0.3736,1.0,8649.02,4.12,54
73a63f72308aa20a46f4b1632018f196,18.0,16.0,13.0,26.0,26.0,0.5,1.0,8638.1,4.34,15
3bb548e3cb7f70f28e3f11ee9dce0e59,23.0,33.0,15.0,46.0,46.0,0.3261,1.0,8586.81,3.98,22
b18dc380845b24038cfc48006478f099,31.0,27.0,19.0,43.0,43.0,0.4419,1.0,8550.83,4.31,12
ececbfcff9804a2d6b40f589df8eef2b,55.0,62.0,32.0,96.0,96.0,0.3333,1.0,8548.46,4.12,61
a420f60ff1aa9acc80d0e42959f2b313,34.0,47.0,17.0,67.0,67.0,0.2537,1.0,8543.27,3.96,23
cc63f0dd2acba93ffed4fe9f8e0321fa,36.0,43.0,22.0,54.0,54.0,0.4074,1.0,8496.68,4.05,17
2c9e548be18521d1c43cde1c582c6de8,68.0,87.0,52.0,123.0,123.0,0.4228,1.0,8470.09,3.97,15
a2e874074c877c5a05abae80ad6e488f,20.0,24.0,11.0,40.0,40.0,0.275,1.0,8460.34,4.19,18
1127b7f2594683f2510f1c2c834a486b,58.0,72.0,39.0,110.0,110.0,0.3545,1.0,8438.4,4.18,73
058fd0aa2bfdb2274e05e1ae971dabb6,30.0,45.0,18.0,59.0,59.0,0.3051,1.0,8428.78,4.38,11
381c83fdca332ea6afd896da20bf6e4a,25.0,26.0,19.0,46.0,46.0,0.413,1.0,8355.01,4.39,37
42bde9fef835393bb8a8849cb6b7f245,15.0,28.0,11.0,33.0,33.0,0.3333,1.0,8341.37,4.28,15
8a32e327fe2c1b3511609d81aaf9f042,62.0,84.0,43.0,124.0,124.0,0.3468,1.0,8338.86,3.95,50
282f23a9769b2690c5dda22e316f9941,48.0,71.0,49.0,98.0,98.0,0.5,1.0,8331.05,4.33,41
b410bdd36d5db7a65dcd42b7ead933b8,21.0,35.0,13.0,42.0,42.0,0.3095,1.0,8319.71,4.81,2
2089a6d640999f9b9141ac719b2af596,26.0,26.0,10.0,39.0,39.0,0.2564,1.0,8316.63,3.93,22
aced59e9b31ef866a94f9e7f29d8d418,39.0,49.0,23.0,60.0,60.0,0.3833,1.0,8315.8,4.45,19
ad781527c93d00d89a11eecd9dcad7c1,14.0,25.0,14.0,38.0,38.0,0.3684,1.0,8213.12,3.34,2
34056b8b55c1775a22af2331670a799c,31.0,46.0,31.0,77.0,77.0,0.4026,1.0,8150.21,4.04,58
e0a366315b1b726b6c7832d664c0f530,24.0,29.0,20.0,42.0,42.0,0.4762,1.0,8145.17,4.33,21
cee48807215b30a12ca2ca10ffb5f250,20.0,22.0,13.0,39.0,39.0,0.3333,1.0,8125.52,3.7,27
8e6cc767478edae941d9bd9eb778d77a,51.0,72.0,44.0,97.0,97.0,0.4536,1.0,8098.61,4.04,58
b347677812ea483b0f528eaf8cbc09b7,13.0,19.0,8.0,21.0,21.0,0.381,1.0,8051.34,4.52,11
4aba391bc3b88717ce08eb11e44937b2,14.0,18.0,9.0,27.0,27.0,0.3333,1.0,8047.44,4.0,25
6a8b085f816a1f75f92dbac6eb545f8f,63.0,80.0,38.0,124.0,124.0,0.3065,1.0,8038.22,4.18,70
1da366cade6d8276e7d8beea7af5d4bf,19.0,27.0,12.0,42.0,42.0,0.2857,1.0,8036.6,4.0,14
11305281b50fff20ae8bb473f8e11876,21.0,28.0,18.0,35.0,35.0,0.5143,1.0,7973.21,4.35,18
6a51fc556dab5f766ced6fbc860bc613,13.0,19.0,9.0,24.0,24.0,0.375,1.0,7965.01,4.13,18
670c26e0f1bf8d0576271d5cfaec6d2b,46.0,50.0,25.0,75.0,75.0,0.3333,1.0,7930.47,4.35,15
e2aee0892199b1d92530e371abd825bf,16.0,24.0,13.0,36.0,36.0,0.3611,1.0,7908.88,3.9,13
d13e50eaa47b4cbe9eb81465865d8cfc,35.0,48.0,26.0,66.0,66.0,0.3939,1.0,7907.55,4.81,7
516e7738bd8f735ac19a010ee5450d8d,43.0,43.0,31.0,74.0,74.0,0.4189,1.0,7905.69,4.61,52
58f1a6197ed863543e0136bdedb3fce2,25.0,32.0,15.0,44.0,44.0,0.3409,1.0,7903.69,4.16,11
dee656f0f566ed1aa85bd137c943f08f,43.0,65.0,29.0,91.0,91.0,0.3187,1.0,7883.07,4.38,32
fa1a9dec3a9940c072684a46728bf1fc,27.0,38.0,20.0,55.0,55.0,0.3636,1.0,7875.71,4.0,35
6b243f80ed07b10f0e8aa0f21a205f3c,40.0,53.0,27.0,76.0,76.0,0.3553,1.0,7807.4,4.02,31
f84a00e60c73a49e7e851c9bdca3a5bb,46.0,54.0,27.0,88.0,88.0,0.3068,1.0,7780.34,3.72,22
080102cd0a76b09e0dcf55fcacc60e05,65.0,80.0,48.0,121.0,121.0,0.3967,1.0,7773.48,4.53,43
d624126b9206f595fb3fbb6ba03b28a8,9.0,15.0,8.0,23.0,23.0,0.3478,1.0,7768.5,4.36,13
8c16d1f32a54d92897cc437244442e1b,57.0,76.0,38.0,108.0,108.0,0.3519,1.0,7754.67,4.34,25
688756f717c462a206ad854c5027a64a,37.0,57.0,21.0,81.0,81.0,0.2593,1.0,7745.72,3.83,40
dd55f1bb788714a40e7954c3be6df745,11.0,21.0,9.0,35.0,35.0,0.2571,1.0,7701.18,3.81,10
b14db04aa7881970e83ffa9426897925,42.0,50.0,25.0,78.0,78.0,0.3205,1.0,7700.4,3.9,12
376a891762bbdecbc02b4b6adec3fdda,29.0,37.0,18.0,57.0,57.0,0.3158,1.0,7693.63,4.67,13
d9bd94811c3338dceb4181f3dbc0c73e,29.0,37.0,18.0,54.0,54.0,0.3333,1.0,7682.11,4.82,20
ff1fb4c404b2efe68b03350a8dc24122,32.0,32.0,18.0,45.0,45.0,0.4,1.0,7666.95,4.06,21
57e632711dec9ec14ca7546769483e7e,33.0,44.0,29.0,62.0,62.0,0.4677,1.0,7558.04,4.45,20
751bdc4d83a466c7206cd42e8f426b03,23.0,36.0,18.0,51.0,51.0,0.3529,1.0,7540.98,3.75,37
83e197e95a1bbabc8c75e883ed016c47,30.0,31.0,16.0,46.0,46.0,0.3478,1.0,7535.52,4.74,19
63b464dbf392c7b80d12d932fa7cafed,12.0,29.0,13.0,36.0,36.0,0.3611,1.0,7482.84,3.76,17
3340ef1913fb70d28420f6ceb685c339,16.0,24.0,12.0,31.0,31.0,0.3871,1.0,7481.55,4.33,15
679769a98cfcc6da877c8486ff1c13f3,12.0,15.0,9.0,21.0,21.0,0.4286,1.0,7467.39,4.57,2
7dc8c42cc750eeafea6c85712ffee9bf,18.0,32.0,14.0,41.0,41.0,0.3415,1.0,7445.09,4.26,16
05d2173d43ea568aa0540eba70d2ca76,32.0,41.0,25.0,61.0,61.0,0.4098,1.0,7438.93,4.03,48
5b67882648febfb6e1225e6ad7164f6b,15.0,18.0,9.0,27.0,27.0,0.3333,1.0,7432.42,4.03,24
9616352088dcf83a7c06637f4ebf1c80,56.0,62.0,46.0,91.0,91.0,0.5055,1.0,7409.8,4.28,5
2a261b5b644fa05f4f2700eb93544f2c,27.0,33.0,21.0,50.0,50.0,0.42,1.0,7396.73,3.35,21
f46490624488d3ff7ce78613913a7711,41.0,53.0,25.0,80.0,80.0,0.3125,1.0,7384.36,3.57,34
0691148aee60ca47977c187804f935ae,21.0,35.0,17.0,47.0,47.0,0.3617,1.0,7359.45,3.99,37
40d54b51e962dbe09cabbcfd33298dee,14.0,20.0,9.0,30.0,30.0,0.3,1.0,7323.25,3.9,13
ba143b05f0110f0dc71ad71b4466ce92,43.0,52.0,28.0,82.0,82.0,0.3415,1.0,7309.37,4.46,22
4c03b9dd4c11ee2cb35c96c49efc9420,28.0,29.0,14.0,48.0,48.0,0.2917,1.0,7302.33,4.12,5
bd4889b5e9133b35b66e42a8665cea5c,22.0,27.0,21.0,36.0,36.0,0.5833,1.0,7256.54,4.48,16
e5e33c0d8e7e002f398f5dc4cbbb338f,14.0,20.0,12.0,26.0,26.0,0.4615,1.0,7240.85,4.59,20
5670f4db5b62c43d542e1b2d56b0cf7c,9.0,15.0,9.0,22.0,22.0,0.4091,1.0,7212.65,4.41,14
02f623a8eb246f3c5f7c2f96462654e6,18.0,32.0,8.0,44.0,44.0,0.1818,1.0,7207.63,4.57,23
ea67327e24487bdfac5fbfa37ea124df,12.0,22.0,13.0,31.0,31.0,0.4194,1.0,7180.28,3.56,24
4b5f66b7adcf57f1ecc0d3c07dd6b177,11.0,19.0,9.0,22.0,22.0,0.4091,1.0,7115.96,4.11,10
537eb890efff034a88679788b647c564,83.0,114.0,67.0,157.0,157.0,0.4268,1.0,7093.44,4.18,46
3be634553519fb6536a03e1358e9fdc7,37.0,48.0,31.0,79.0,79.0,0.3924,1.0,7034.75,4.01,38
e9d99831abad74458942f21e16f33f92,61.0,79.0,39.0,130.0,130.0,0.3,1.0,6916.06,3.91,35
e8b4225284fbb02d16f200513f1f395d,15.0,21.0,11.0,30.0,30.0,0.3667,1.0,6912.6,4.3,18
6f892e20a171e98efe17fdb971ff319b,18.0,33.0,17.0,41.0,41.0,0.4146,1.0,6906.49,3.92,5
50c9975695009e5e6473912e83a6d1da,30.0,43.0,26.0,50.0,50.0,0.52,1.0,6883.95,4.0,36
b2479f944e1b90cf8a5de1bbfde284d6,45.0,63.0,43.0,99.0,99.0,0.4343,1.0,6874.23,3.36,37
0bf0150d5b9d60d9cd2906003332f085,25.0,27.0,15.0,39.0,39.0,0.3846,1.0,6872.34,3.77,15
91f848e9f4be368f4318775aac733370,28.0,43.0,21.0,60.0,60.0,0.35,1.0,6862.49,4.39,10
bacb1f0ed56ad24198f5810d2b3fe9a5,22.0,29.0,18.0,38.0,38.0,0.4737,1.0,6847.7,4.34,20
dfc5fb7259bb2b599ca565e6e9448f0f,22.0,26.0,15.0,33.0,33.0,0.4545,1.0,6845.98,4.12,11
b6d44737c043328708f6749c2dbe50bd,37.0,42.0,25.0,59.0,59.0,0.4237,1.0,6834.01,4.57,23
3ade81dab5a172b88e1871c28ae05260,14.0,16.0,9.0,28.0,28.0,0.3214,1.0,6821.59,4.27,10
3df020b72d3d44b3af9d110fa3940b65,36.0,42.0,28.0,53.0,53.0,0.5283,1.0,6749.47,3.95,13
f12ff17ad8bbf01ec5c33b17e506649b,13.0,19.0,4.0,28.0,28.0,0.1429,1.0,6728.88,3.86,13
bba74270a87732727b5a3b4fd9ac1c39,11.0,23.0,15.0,35.0,35.0,0.4286,1.0,6708.34,3.88,20
f181738b150df1f37cb0bd72e705b193,20.0,25.0,11.0,36.0,36.0,0.3056,1.0,6632.75,4.49,8
26d8a1c7c75d513045798992ead43aa2,12.0,25.0,20.0,34.0,34.0,0.5882,1.0,6590.46,4.33,20
dfa0c4c6229ab200a4a1336b4d7128ff,47.0,54.0,29.0,77.0,77.0,0.3766,1.0,6544.21,4.01,35
9baf5cb77970f539089d09a38bcec5c3,15.0,26.0,15.0,31.0,31.0,0.4839,1.0,6521.34,4.44,25
98dac6635aee4995d501a3972e047414,48.0,72.0,44.0,89.0,89.0,0.4944,1.0,6495.35,3.9,61
dbd66278cbfe1aa1000f90a217ca4695,41.0,67.0,35.0,84.0,84.0,0.4167,1.0,6472.77,4.45,18
0d85bbda9889ce1f7e63778d24f346eb,27.0,32.0,15.0,51.0,51.0,0.2941,1.0,6469.7,4.29,17
709e16e2b25c7474d980076c6bfc4806,35.0,43.0,28.0,60.0,60.0,0.4667,1.0,6378.86,4.53,39
e62b2d6ac10570a035a30bafcf01d263,27.0,40.0,28.0,61.0,61.0,0.459,1.0,6375.47,3.92,24
1336efc61c316ddf92c899eb817f7cae,34.0,56.0,24.0,73.0,73.0,0.3288,1.0,6355.29,3.94,50
94e93ce877be27a515118dbfd2c2be41,17.0,18.0,13.0,28.0,28.0,0.4643,1.0,6290.04,4.06,18
7d76b645482be4a332374e8223836592,88.0,107.0,56.0,172.0,172.0,0.3256,1.0,6287.77,3.98,88
83deb69e889cf80f82be1dc6d5f2d486,19.0,28.0,19.0,40.0,40.0,0.475,1.0,6276.65,4.36,14
fc906263ca5083d09dce42fe02247800,59.0,78.0,46.0,112.0,112.0,0.4107,1.0,6273.28,4.39,17
23613d49c3ac2bd302259e55c06c050c,30.0,47.0,27.0,68.0,68.0,0.3971,1.0,6227.14,3.71,24
23c38debaffe4a25a30fdbd9b586a13f,21.0,34.0,16.0,41.0,41.0,0.3902,1.0,6216.56,4.3,12
f84fa566034f5e8e880a07ec624c56af,50.0,61.0,31.0,89.0,89.0,0.3483,1.0,6204.33,4.3,8
4917cee8d902e13428c3ec4b1ca6f315,15.0,21.0,13.0,31.0,31.0,0.4194,1.0,6178.34,4.16,7
575df70bde3f9f2b30bf8d2e9910d725,10.0,17.0,12.0,27.0,27.0,0.4444,1.0,6163.42,4.12,17
afe0067131b73e40875c9b6c10bd2e21,28.0,31.0,15.0,45.0,45.0,0.3333,1.0,6151.59,4.29,7
9674754b5a0cb32b638cec001178f799,44.0,53.0,34.0,80.0,80.0,0.425,1.0,6137.88,4.05,40
d566c37fa119d5e66c4e9052e83ee4ea,43.0,50.0,27.0,65.0,65.0,0.4154,1.0,6124.92,4.73,25
abcd2cb37d46c2c8fb1bf071c859fc5b,21.0,31.0,18.0,44.0,44.0,0.4091,1.0,6121.84,4.31,31
b39d7fe263ef469605dbb32608aee0af,20.0,33.0,15.0,43.0,43.0,0.3488,1.0,6100.23,3.81,19
f680f85bee2d253556ac91be391d2c82,22.0,32.0,20.0,44.0,44.0,0.4545,1.0,6077.34,4.3,10
7e3f87d16fb353f408d467e74fbd8014,52.0,58.0,32.0,91.0,91.0,0.3516,1.0,6068.37,4.16,19
cc3d14116804f7209f3884f6367f1152,15.0,22.0,12.0,27.0,27.0,0.4444,1.0,6060.59,4.67,4
8bb48dc19fccaa8613b6229bf7f452a2,45.0,61.0,34.0,82.0,82.0,0.4146,1.0,6048.12,4.34,47
e067ad2c1c0b48758eb1b5228bcf7a68,25.0,39.0,14.0,54.0,54.0,0.2593,1.0,6047.91,4.13,36
817245bcc3badd82bbd222e0366951a6,24.0,20.0,13.0,28.0,28.0,0.4643,1.0,6044.83,4.23,3
f67efa3f0b6761102a7f8c6b7b571f5d,11.0,24.0,14.0,31.0,31.0,0.4516,1.0,6030.17,4.44,9
1bb2bdb95f4841f1bba2c0d2cd83d3c9,43.0,53.0,32.0,78.0,78.0,0.4103,1.0,6023.93,4.58,23
45ba18c210d42734ec52c0c1c574e9ee,19.0,28.0,9.0,35.0,35.0,0.2571,1.0,6023.77,4.05,27
06579cb253ecd5a3a12a9e6eb6bf8f47,31.0,43.0,24.0,59.0,59.0,0.4068,1.0,6007.97,3.84,11
acce39e832338debb07b02385cde5967,26.0,32.0,19.0,44.0,44.0,0.4318,1.0,5923.66,4.48,30
835f0f7810c76831d6c7d24c7a646d4d,16.0,29.0,12.0,42.0,42.0,0.2857,1.0,5922.25,3.31,18
0176f73cc1195f367f7b32db1e5b3aa8,20.0,23.0,12.0,37.0,37.0,0.3243,1.0,5915.27,4.05,18
e06f09ec0a4aca210779cf1cfc63cf19,15.0,22.0,10.0,29.0,29.0,0.3448,1.0,5901.41,4.02,25
5b179e9e8cc7ab6fd113a46ca584da81,13.0,21.0,11.0,34.0,34.0,0.3235,1.0,5839.14,3.56,9
0cbcee27c791afa0cdcb08587a2013a8,21.0,24.0,13.0,37.0,37.0,0.3514,1.0,5837.68,4.0,13
8b9d6eec4a7eb7d0f9d579ce0b38324d,31.0,36.0,20.0,47.0,47.0,0.4255,1.0,5826.85,4.12,7
30a2f535bb48308f991d0b9ad4a8c4bb,34.0,51.0,32.0,71.0,71.0,0.4507,1.0,5815.36,4.25,20
916c9de0b5ad957346eeeb12f332687e,8.0,18.0,8.0,22.0,22.0,0.3636,1.0,5814.27,4.37,4
b561927807645834b59ef0d16ba55a24,43.0,64.0,31.0,85.0,85.0,0.3647,1.0,5807.03,4.34,42
3c7c4a49ec3c6550809089c6a2ca9370,68.0,80.0,45.0,138.0,138.0,0.3261,1.0,5799.21,3.73,24
3ab971ce71839580d2ae5b4e40fe8044,16.0,27.0,7.0,35.0,35.0,0.2,1.0,5797.25,3.92,8
55d3daac7c404d59e51c2aa2f4dc5a23,17.0,13.0,6.0,21.0,21.0,0.2857,1.0,5790.48,3.93,7
02ecc2a19303f05e59ce133fd923fff7,11.0,15.0,9.0,21.0,21.0,0.4286,1.0,5742.4,4.54,17
bbad7e518d7af88a0897397ffdca1979,26.0,40.0,18.0,67.0,67.0,0.2687,1.0,5741.24,3.07,14
f789d2c4f2c2eb38fc4373e7a4b35264,22.0,33.0,17.0,43.0,43.0,0.3953,1.0,5733.24,4.18,28
1a932caad4f9d804097d7f8e615baed1,12.0,13.0,6.0,20.0,20.0,0.3,1.0,5701.45,3.57,4
2ff97219cb8622eaf3cd89b7d9c09824,44.0,63.0,31.0,87.0,87.0,0.3563,1.0,5698.7,4.55,44
5bffbafbb22daf6d3bfc216a46db8708,9.0,17.0,7.0,21.0,21.0,0.3333,1.0,5694.2,4.7,8
9add47bf45ce8e8c7db6b9cf670b1e09,23.0,25.0,18.0,41.0,41.0,0.439,1.0,5689.2,4.28,11
582d4f8675b945722eda7c0cb61ba4c7,35.0,38.0,24.0,59.0,59.0,0.4068,1.0,5683.93,4.11,25
cac4c8e7b1ca6252d8f20b2fc1a2e4af,32.0,43.0,21.0,74.0,74.0,0.2838,1.0,5658.7,3.58,33
f7496d659ca9fdaf323c0aae84176632,16.0,19.0,12.0,25.0,25.0,0.48,1.0,5641.93,4.58,15
fad44952713764836814be105382aee5,17.0,22.0,14.0,32.0,32.0,0.4375,1.0,5636.88,4.28,1
2a7dc43cecabf23403078e2188437d1d,27.0,34.0,27.0,52.0,52.0,0.5192,1.0,5629.62,4.09,14
ad420dd0c4f92f8af951ac24b86d0cf5,18.0,29.0,14.0,39.0,39.0,0.359,1.0,5618.4,4.2,23
11bfa66332777660bd0640ee84d47006,44.0,50.0,27.0,76.0,76.0,0.3553,1.0,5608.54,3.78,40
a3f0b55de503387383c7b1de3ad7f678,10.0,19.0,7.0,24.0,24.0,0.2917,1.0,5577.74,4.38,13
cc5a78bbad32776dc4e3af205218368c,18.0,26.0,10.0,33.0,33.0,0.303,1.0,5573.35,4.47,25
ef990a83bbea832f36ebe81376335aa8,19.0,27.0,11.0,43.0,43.0,0.2558,1.0,5557.24,3.66,8
e0878efa0e0b7e5313ac0b43bc04c081,13.0,15.0,12.0,26.0,26.0,0.4615,1.0,5542.53,3.54,4
822166ed1e47908f7cfb49946d03c726,33.0,50.0,27.0,68.0,68.0,0.3971,1.0,5535.95,3.94,34
4bf2f4ee540798a61f9636d12cd9cc80,15.0,23.0,10.0,29.0,29.0,0.3448,1.0,5501.01,4.17,18
d379f449f2a3b271bc01c0782020f705,14.0,19.0,10.0,28.0,28.0,0.3571,1.0,5499.8,3.93,13
d673a59aac7a70d8b01e6902bf090a11,40.0,53.0,27.0,79.0,79.0,0.3418,1.0,5499.56,3.96,16
0ef83d7d83ed97cd2a0049ac8be5f88a,26.0,33.0,19.0,48.0,48.0,0.3958,1.0,5447.81,4.25,14
c68fb906c8f4b4b946d8386bfa6e5467,24.0,30.0,13.0,45.0,45.0,0.2889,1.0,5433.61,4.52,36
d20b021d3efdf267a402c402a48ea64b,39.0,61.0,30.0,85.0,85.0,0.3529,1.0,5427.26,3.71,44
8bd0f31cf0a614c658f6763bd02dea69,12.0,21.0,11.0,33.0,33.0,0.3333,1.0,5423.32,4.23,10
a3dd39f583bc80bd8c5901c95878921e,19.0,25.0,10.0,34.0,34.0,0.2941,1.0,5412.16,4.59,3
42b729f859728f5079499127a9c2ef37,56.0,78.0,40.0,101.0,101.0,0.396,1.0,5396.92,4.37,18
45d33f715e24d15a6ccf5c17b3a23e3c,27.0,38.0,26.0,56.0,56.0,0.4643,1.0,5383.47,4.17,31
db4350fd57ae30082dec7acbaacc17f9,75.0,97.0,38.0,134.0,134.0,0.2836,1.0,5369.02,4.15,50
951e8cef368f09bb3f3d03c00ca4702c,33.0,43.0,32.0,62.0,62.0,0.5161,1.0,5353.54,4.19,47
503c1de08ae81a2d86f17951b204db55,12.0,13.0,6.0,22.0,22.0,0.2727,1.0,5321.9,4.41,2
6860153b69cc696d5dcfe1cdaaafcf62,40.0,44.0,26.0,74.0,74.0,0.3514,1.0,5318.23,4.17,22
715bbd5ba4e6b74cb0d2f29eb45058b0,31.0,52.0,27.0,62.0,62.0,0.4355,1.0,5315.88,4.47,28
beadbee30901a7f61d031b6b686095ad,31.0,40.0,22.0,64.0,64.0,0.3438,1.0,5311.52,3.94,7
b4a476fbd28de64b1e347abf9089366a,17.0,20.0,7.0,29.0,29.0,0.2414,1.0,5275.11,4.03,12
834f8533b2ecb6598dd004ff3de7203a,17.0,23.0,10.0,41.0,41.0,0.2439,1.0,5250.66,3.84,25
d66c305afaec317ebee552073a674429,21.0,32.0,13.0,38.0,38.0,0.3421,1.0,5235.5,4.55,23
eed78ac17f7f795a19a709745f00cd4e,16.0,18.0,10.0,20.0,20.0,0.5,1.0,5195.84,3.41,12
99002261c568a84cce14d43fcffb43ea,17.0,21.0,14.0,36.0,36.0,0.3889,1.0,5188.33,3.72,19
4c498c7345e89aebad651544829beca0,24.0,33.0,15.0,46.0,46.0,0.3261,1.0,5131.66,4.28,20
6fc26fe110feebd80a433e1f012a84f9,24.0,23.0,17.0,33.0,33.0,0.5152,1.0,5128.06,4.07,19
0509040ea3fe50071181bbc359eb7738,45.0,59.0,33.0,87.0,87.0,0.3793,1.0,5099.25,4.5,34
8931a84a914b3fe9b1ddaa4d704947ca,10.0,19.0,9.0,28.0,28.0,0.3214,1.0,5092.89,3.81,16
f0b47fbbc6dee9aafe415a6e33051b3f,32.0,53.0,28.0,66.0,66.0,0.4242,1.0,5087.9,4.26,38
65febd49fd28ec955651299159b1f527,18.0,28.0,10.0,33.0,33.0,0.303,1.0,5085.38,4.34,14
b90e891671cffd9557f33a97dc523645,16.0,25.0,17.0,34.0,34.0,0.5,1.0,5081.31,4.13,13
d12c926d74ceff0a90a21184466ce161,40.0,55.0,31.0,75.0,75.0,0.4133,1.0,5075.68,4.11,30
8a130737016f838139d31878787a39c9,32.0,39.0,21.0,56.0,56.0,0.375,1.0,5064.32,4.35,7
bccf933e006e9b94a6184af782963e77,27.0,36.0,15.0,45.0,45.0,0.3333,1.0,5047.21,4.54,22
31da954dc0855f2495c6310f70a2f931,16.0,19.0,10.0,29.0,29.0,0.3448,1.0,5032.71,4.23,14
15aac934c58d886785ac1b17953ea898,13.0,14.0,9.0,25.0,25.0,0.36,1.0,5019.6,4.12,20
232a6014e7b10cba61c6c2b2ea6bb4b0,12.0,20.0,13.0,32.0,32.0,0.4062,1.0,5017.04,4.09,20
827f8f69dfa529c561901c4f2e0f332f,54.0,64.0,38.0,91.0,91.0,0.4176,1.0,5003.96,4.27,60
891071be6ba827b591264c90c2ae8a63,40.0,46.0,27.0,85.0,85.0,0.3176,1.0,4957.05,3.86,27
fde0cc9ea29c8ccfc0a2c22256a58c71,24.0,26.0,10.0,33.0,33.0,0.303,1.0,4921.27,4.49,9
3c03b12bab54d8b37d79d914bfdb1aa0,23.0,26.0,15.0,37.0,37.0,0.4054,1.0,4919.77,3.91,12
382229d1e840115ffe3dbf5ff460e417,26.0,31.0,14.0,45.0,45.0,0.3111,1.0,4890.33,4.31,23
99a54764c341d5dc80b4a8fac4eba3fb,21.0,29.0,14.0,42.0,42.0,0.3333,1.0,4877.58,3.53,31
55a5b51f93f2b70ea513f5a047b0262a,23.0,24.0,9.0,39.0,39.0,0.2308,1.0,4849.38,4.49,5
b76dba6c951ab00dc4edf0a1aa88037e,78.0,111.0,60.0,157.0,157.0,0.3822,1.0,4827.34,4.2,37
43f8c9950d11ecd03a0304a49e010da6,17.0,27.0,14.0,41.0,41.0,0.3415,1.0,4807.22,4.56,21
6b3bd31ad8fcda4b2635ec9f3ff2ecdf,13.0,25.0,12.0,35.0,35.0,0.3429,1.0,4801.87,3.93,19
6ec1a01e866584bb679eb9b098345919,19.0,19.0,15.0,30.0,30.0,0.5,1.0,4794.76,4.29,16
e49c26c3edfa46d227d5121a6b6e4d37,17.0,21.0,19.0,34.0,34.0,0.5588,1.0,4765.66,4.51,30
520b493b57809f446cb0a233bb3e25c7,34.0,46.0,24.0,63.0,63.0,0.381,1.0,4762.87,4.38,28
cd6efc47efaabf134f8bdb654e10b4f1,18.0,22.0,13.0,31.0,31.0,0.4194,1.0,4757.16,4.5,10
ec8879960bd2221d5c32f8e12f7da711,12.0,24.0,13.0,35.0,35.0,0.3714,1.0,4756.26,4.31,9
f76a3b1349b6df1ee875d1f3fa4340f0,11.0,16.0,9.0,24.0,24.0,0.375,1.0,4748.98,3.46,6
81f89e42267213cb94da7ddc301651da,24.0,31.0,13.0,46.0,46.0,0.2826,1.0,4721.18,3.54,4
1b938a7ec6ac5061a66a3766e0e75f90,18.0,23.0,10.0,29.0,29.0,0.3448,1.0,4719.45,4.45,8
1eade46fba20122dc4aefb379f8c636b,33.0,37.0,25.0,55.0,55.0,0.4545,1.0,4673.71,4.31,8
3f3486b61f45078d4f31ee5e43d8c5bb,23.0,21.0,12.0,39.0,39.0,0.3077,1.0,4653.13,4.33,12
bf3c6d2a28b2b5501e6c15448982dcc9,17.0,22.0,12.0,34.0,34.0,0.3529,1.0,4648.15,4.42,10
13d058e4eeac2ce8217660b2f8a05812,8.0,17.0,8.0,22.0,22.0,0.3636,1.0,4647.37,4.18,3
8f119a0aee85c0c8fc534629734e94fd,39.0,51.0,32.0,75.0,75.0,0.4267,1.0,4645.89,4.25,30
f3da5b2ff499efb8d4a6d371d175d7dd,43.0,47.0,29.0,77.0,77.0,0.3766,1.0,4640.59,3.93,29
95f83f51203c626648c875dd41874c7f,19.0,33.0,20.0,50.0,50.0,0.4,1.0,4631.8,3.22,11
3f995f07c49d0d55a99d5c54957f7d81,20.0,24.0,16.0,43.0,43.0,0.3721,1.0,4627.2,4.21,3
8cbac7e12637ed9cffa18c7875207478,32.0,50.0,26.0,66.0,66.0,0.3939,1.0,4596.71,4.19,21
681fce914360217db47784ae28905a96,11.0,13.0,6.0,22.0,22.0,0.2727,1.0,4571.8,3.92,9
e883aa812c37a7413226856f4579fe91,11.0,18.0,11.0,26.0,26.0,0.4231,1.0,4554.46,3.9,6
238fac594e170b59c6d228f5a4f4f1d9,17.0,21.0,6.0,29.0,29.0,0.2069,1.0,4545.52,4.0,6
3361277dc30b7cccdb0c286b24219756,19.0,24.0,11.0,28.0,28.0,0.3929,1.0,4540.9,4.21,18
6a0cbc8af2e8abd1bdfb777943d174c6,20.0,23.0,14.0,34.0,34.0,0.4118,1.0,4517.15,4.06,5
7f152321c60a266edc53af1925ef96c1,9.0,17.0,8.0,20.0,20.0,0.4,1.0,4471.92,3.8,3
56642bcb79900e777d68e91915cb4267,29.0,30.0,17.0,47.0,47.0,0.3617,1.0,4471.79,3.77,8
f00e21b1e91a79653163b7fd8f293ff1,12.0,25.0,11.0,31.0,31.0,0.3548,1.0,4471.06,4.13,29
602044f2c16190c2c6e45eb35c2e21cb,22.0,25.0,18.0,48.0,48.0,0.375,1.0,4468.93,3.07,26
f4aba7c0bca51484c30ab7bdc34bcdd1,42.0,60.0,35.0,108.0,108.0,0.3241,1.0,4467.13,3.9,12
02f5837340d7eb4f653d676c7256523a,17.0,20.0,14.0,30.0,30.0,0.4667,1.0,4463.88,4.83,3
406822777a0b9eb5c50e442dd4cd3ec5,27.0,30.0,13.0,44.0,44.0,0.2955,1.0,4449.21,4.37,18
14d7985702e72162bbf13b6beb74ab2b,19.0,28.0,9.0,37.0,37.0,0.2432,1.0,4441.0,4.34,26
870d0118f7a9d85960f29ad89d5d989a,24.0,29.0,21.0,43.0,43.0,0.4884,1.0,4428.03,4.02,18
d5ba419e26d246a0719437cf37d9b46d,17.0,19.0,13.0,33.0,33.0,0.3939,1.0,4415.8,3.94,9
b17b679f4f5ce2e03ce6968c62648246,21.0,28.0,12.0,50.0,50.0,0.24,1.0,4404.36,3.92,31
79ed755314cfe6df0daef2c6cd3022cd,14.0,15.0,7.0,22.0,22.0,0.3182,1.0,4366.66,4.72,12
edf96ef93ed595084bbcbd9224bd2894,15.0,21.0,7.0,25.0,25.0,0.28,1.0,4365.78,3.79,8
2745f798279e0ed033addcc1474776d7,13.0,22.0,13.0,31.0,31.0,0.4194,1.0,4364.99,4.0,13
42fa4ee7240e9b8eb4576358ec142ba7,14.0,17.0,6.0,22.0,22.0,0.2727,1.0,4364.47,4.82,7
3c4e0452bff7a2a788179488d3d77032,16.0,23.0,13.0,32.0,32.0,0.4062,1.0,4352.52,3.78,10
ed4311e67debd72b8610a5347a743087,12.0,21.0,12.0,25.0,25.0,0.48,1.0,4342.81,4.5,7
6481e96574816ead57975da2c0f6d80d,20.0,23.0,15.0,30.0,30.0,0.5,1.0,4340.86,4.14,20
1b8356dabde1d35e17cef975c3f82730,30.0,39.0,24.0,55.0,55.0,0.4364,1.0,4336.63,4.13,14
38e679b9e0064cd94c6f035707344dae,13.0,21.0,8.0,27.0,27.0,0.2963,1.0,4336.62,4.18,11
8b2492b7ff4468839593fafeed55bad9,20.0,22.0,9.0,29.0,29.0,0.3103,1.0,4336.26,3.89,15
4c18691b6037662be2df78a765d98ab5,30.0,40.0,20.0,63.0,63.0,0.3175,1.0,4316.51,3.84,31
2e13c71026e1a39ba5cc1b86dcb679aa,9.0,18.0,14.0,24.0,24.0,0.5833,1.0,4310.21,4.25,9
2199e7fe213c16213bf5d6a7eadc9a5d,14.0,19.0,11.0,24.0,24.0,0.4583,1.0,4309.1,4.4,12
23a0ffca143a15b9b5bbdb7d552f626a,7.0,15.0,8.0,23.0,23.0,0.3478,1.0,4304.28,3.96,12
070d165398b553f3b4b851c216b8a358,18.0,25.0,10.0,30.0,30.0,0.3333,1.0,4301.11,3.58,11
8090490573c6c0aa343a7231ebcb8c86,12.0,19.0,9.0,26.0,26.0,0.3462,1.0,4298.03,4.19,9
3d8fa2f5b647373c8620330c4e077a9f,17.0,32.0,17.0,42.0,42.0,0.4048,1.0,4295.72,4.24,11
c731d18cea9bf687ffee82a241c25b11,13.0,14.0,7.0,24.0,24.0,0.2917,1.0,4272.65,4.0,18
96804ea39d96eb908e7c3afdb671bb9e,19.0,21.0,9.0,37.0,37.0,0.2432,1.0,4268.0,3.97,5
5f5b43b2bffa8656e4bc6efeb13cc649,18.0,21.0,14.0,27.0,27.0,0.5185,1.0,4232.65,4.45,18
271c58a1d139c45eaf3316107c6d3a3b,13.0,16.0,9.0,27.0,27.0,0.3333,1.0,4232.55,4.19,6
66dc1b1632bd6a3e508510c5b3492107,18.0,25.0,16.0,36.0,36.0,0.4444,1.0,4231.9,3.49,20
e7d5b006eb624f13074497221eb37807,14.0,16.0,9.0,27.0,27.0,0.3333,1.0,4220.42,3.11,8
4559697a8f7e637227c2eeaed843baff,19.0,23.0,21.0,37.0,37.0,0.5676,1.0,4189.52,4.21,3
276677b5d08786d5dce7c2149dcce48b,19.0,21.0,13.0,30.0,30.0,0.4333,1.0,4189.45,3.89,18
5d3bb11474a06bdc23fb9e89f1164ee0,13.0,19.0,9.0,31.0,31.0,0.2903,1.0,4178.82,3.94,10
e8f6dc8e6a1dcde89d20e3995c8d90b3,18.0,28.0,12.0,35.0,35.0,0.3429,1.0,4165.54,3.57,29
71039d19d4303bf9054d69e9a9236699,20.0,25.0,13.0,34.0,34.0,0.3824,1.0,4158.65,3.68,26
9646c3513289980f17226a2fc4720dbd,42.0,42.0,24.0,69.0,69.0,0.3478,1.0,4152.23,4.34,23
33ac3e28642ab8bda860a2f693000e78,23.0,21.0,11.0,34.0,34.0,0.3235,1.0,4151.12,4.23,18
594f9aaa48e5bf431f011ddc5669b0d5,20.0,25.0,15.0,37.0,37.0,0.4054,1.0,4136.41,4.58,24
643214e62b870443ccbe55ab29a4dccf,31.0,50.0,17.0,65.0,65.0,0.2615,1.0,4120.71,4.41,31
d57e18d5f73c7ccb7f7339b61166898d,26.0,42.0,18.0,60.0,60.0,0.3,1.0,4111.19,4.44,25
c0563dd588b775f2e37747ef6ad6c92c,18.0,20.0,9.0,28.0,28.0,0.3214,1.0,4094.68,4.36,8
6b90f847357d8981edd79a1eb1bf0acb,26.0,35.0,21.0,45.0,45.0,0.4667,1.0,4059.73,4.36,12
f0837c8d71434931d9e38e7b79234797,12.0,14.0,9.0,22.0,22.0,0.4091,1.0,4049.36,4.61,8
994f04b3718c2bab35c2adfa8afecd2a,16.0,38.0,20.0,46.0,46.0,0.4348,1.0,4044.45,4.33,25
3bdff180c7e1f6551a643b99c265a120,26.0,37.0,19.0,54.0,54.0,0.3519,1.0,4012.08,4.19,17
df560393f3a51e74553ab94004ba5c87,11.0,15.0,9.0,26.0,26.0,0.3462,1.0,3999.89,3.93,10
7f2617c58d5d06806987308b45654351,11.0,16.0,10.0,22.0,22.0,0.4545,1.0,3983.27,3.87,2
4da0e408c99d2fdc2126dc9fce518060,21.0,31.0,20.0,43.0,43.0,0.4651,1.0,3964.73,4.44,30
1838dd9b8977065acf51d95e0053ea7a,35.0,41.0,27.0,62.0,62.0,0.4355,1.0,3963.29,4.34,14
f4db9b37944bcb8873e6b456ee190bbf,13.0,15.0,8.0,21.0,21.0,0.381,1.0,3909.94,4.55,8
0c7533c71df861ec58ad7ff999ed0e8d,22.0,43.0,27.0,61.0,61.0,0.4426,1.0,3863.51,4.08,29
960945e1a9535cbc0cd6ddd35fbe7ae8,17.0,21.0,11.0,28.0,28.0,0.3929,1.0,3861.53,4.66,7
aae3bfea055532c57fb453ed3ec80b30,19.0,30.0,16.0,48.0,48.0,0.3333,1.0,3857.17,3.58,5
f7ccf836d21b2fb1de37564105216cc1,36.0,44.0,23.0,69.0,69.0,0.3333,1.0,3856.34,3.89,23
3b872fd4747f01cc56206f2934198618,7.0,15.0,5.0,25.0,25.0,0.2,1.0,3843.11,3.89,13
e48b04bf1aa1ef711caebeb7aede6180,15.0,21.0,12.0,25.0,25.0,0.48,1.0,3832.73,4.48,5
5f1dc28029d2c244352a68107ec2b542,34.0,41.0,19.0,62.0,62.0,0.3065,1.0,3803.46,4.44,36
c8b3445d737de6befde0c88ede534a5e,17.0,21.0,9.0,30.0,30.0,0.3,1.0,3800.79,3.97,7
244c2f1bff6afe1f2eaf9bfe9b2aed38,12.0,17.0,10.0,22.0,22.0,0.4545,1.0,3794.87,3.81,11
a938325a4b357fd23a6a4d5bb126408e,11.0,18.0,8.0,24.0,24.0,0.3333,1.0,3791.81,3.88,20
a17f621c590ea0fab3d5d883e1630ec6,37.0,48.0,19.0,62.0,62.0,0.3065,1.0,3772.27,4.22,34
2d50d6282f8aa2257819a77bfaa0efe0,17.0,23.0,16.0,42.0,42.0,0.381,1.0,3762.65,3.74,14
b1ac6ea7895bc3dd6f0f6f4abbdd2821,21.0,26.0,11.0,38.0,38.0,0.2895,1.0,3734.36,4.53,3
0ebd97a106433a45a4aebe57c1799778,19.0,24.0,10.0,31.0,31.0,0.3226,1.0,3661.68,4.5,10
e89c4adbe7b1d0819dbb636e16461cf1,13.0,17.0,11.0,24.0,24.0,0.4583,1.0,3636.15,3.88,8
b8555308bfdb4ca1ed54325a58da9a97,15.0,18.0,11.0,26.0,26.0,0.4231,1.0,3630.03,4.07,4
d93919c944be9cff128f6c9cb899eacb,20.0,23.0,9.0,33.0,33.0,0.2727,1.0,3624.01,4.0,6
977f9f63dd360c2a32ece2f93ad6d306,14.0,22.0,5.0,23.0,23.0,0.2174,1.0,3621.92,3.92,18
432c37c9dfba871172ec162e20118b8c,31.0,29.0,16.0,44.0,44.0,0.3636,1.0,3614.8,4.29,16
cb3dd9ce66268c7a3ca7241ac70ab58c,29.0,28.0,15.0,45.0,45.0,0.3333,1.0,3608.67,4.22,25
5c6d4016c2a288f074fa0848a2b653d2,15.0,20.0,11.0,31.0,31.0,0.3548,1.0,3598.13,4.21,16
cce6ab8d1682639fe45ab70234f1665f,27.0,46.0,26.0,61.0,61.0,0.4262,1.0,3579.59,4.53,16
a6fe7de3d16f6149ffe280349a8535a0,29.0,29.0,13.0,50.0,50.0,0.26,1.0,3574.44,4.08,12
20d83f3ef0e6925fd74bfd59170babf7,16.0,28.0,16.0,40.0,40.0,0.4,1.0,3557.21,4.35,48
318f287a62ab7ac10b703ac37435a231,26.0,34.0,17.0,50.0,50.0,0.34,1.0,3529.52,3.92,7
f61c63d13f7cd800549d5acdd390ae72,9.0,15.0,10.0,26.0,26.0,0.3846,1.0,3501.69,4.0,11
c9aafcd0621b2207c10e32c649cada4d,21.0,27.0,10.0,40.0,40.0,0.25,1.0,3488.55,4.34,29
1771297ac436903d1dd6b0e9279aa505,14.0,23.0,13.0,27.0,27.0,0.4815,1.0,3466.43,4.64,9
2a1348e9addc1af5aaa619b1a3679d6b,21.0,26.0,13.0,48.0,48.0,0.2708,1.0,3424.77,3.08,33
55f7a3319d80f7fdf078b8f03e6725fe,11.0,12.0,7.0,21.0,21.0,0.3333,1.0,3420.45,3.77,4
1ce3ae5a399804d1a87e706f8a813c3e,17.0,28.0,17.0,40.0,40.0,0.425,1.0,3416.69,3.73,19
5cbbd5a299cab112b7bf23862255e43e,17.0,23.0,15.0,36.0,36.0,0.4167,1.0,3385.21,4.32,22
f7720c4fa8e3aba4546301ab80ea1f1b,32.0,43.0,16.0,58.0,58.0,0.2759,1.0,3360.79,4.24,27
8d79c8a04e42d722a75097ce5cbcf2ef,10.0,20.0,7.0,23.0,23.0,0.3043,1.0,3347.25,4.59,3
dd533b429f380718b70ad9922c294bae,20.0,22.0,19.0,39.0,39.0,0.4872,1.0,3336.18,3.86,13
31561f325664a8a7aba4c8d0c3a9b3db,18.0,28.0,8.0,36.0,36.0,0.2222,1.0,3329.36,4.58,25
fd386aa7bed2af3c7035c65506c9b4a3,37.0,49.0,31.0,69.0,69.0,0.4493,1.0,3316.17,4.36,41
2156f2671501a81034d7d07f217609d0,13.0,13.0,6.0,21.0,21.0,0.2857,1.0,3302.99,4.0,12
3fd1e727ba94cfe122d165e176ce7967,19.0,22.0,13.0,35.0,35.0,0.3714,1.0,3295.89,3.97,12
33576ec5412fb5905d876f12f33bfde6,19.0,23.0,13.0,31.0,31.0,0.4194,1.0,3287.98,4.12,1
cd06602b43d8800bd0afad514919d35c,21.0,28.0,14.0,43.0,43.0,0.3256,1.0,3287.85,3.73,19
730937bf88cb151eb2eb849f642fc213,12.0,15.0,5.0,21.0,21.0,0.2381,1.0,3277.17,4.42,5
df56d7b40d437f88407c5f78b63bc328,10.0,17.0,6.0,22.0,22.0,0.2727,1.0,3251.5,3.88,8
e99e927c81e3f51739c94fcdfca9f10f,11.0,15.0,8.0,21.0,21.0,0.381,1.0,3236.93,3.62,6
efcd8d2104f1a05d028af7bad20d974b,28.0,35.0,17.0,44.0,44.0,0.3864,1.0,3225.1,4.2,34
6338ea67c41078a46ad99cc009654956,20.0,29.0,12.0,35.0,35.0,0.3429,1.0,3210.39,4.64,21
8ab42aa58097fd4668d60cc648225d5f,12.0,11.0,7.0,20.0,20.0,0.35,1.0,3210.39,4.15,15
bd697db56ff8e7c9cd1abeb7f72029b2,13.0,13.0,7.0,21.0,21.0,0.3333,1.0,3198.93,4.33,17
974cf2cb8f4b7add98709c30df02fe10,14.0,19.0,12.0,30.0,30.0,0.4,1.0,3191.9,4.17,9
4992e76a42cb3aad7a7047e0d3d7e729,34.0,37.0,33.0,56.0,56.0,0.5893,1.0,3163.56,3.88,22
157c3e4b42f81ac4a44e8b1ca2fe9876,13.0,19.0,3.0,23.0,23.0,0.1304,1.0,3131.82,3.97,13
0885aaf116795758dfeb5f1032487bcd,14.0,18.0,9.0,27.0,27.0,0.3333,1.0,3072.14,4.24,19
ede0c03645598cdfc63ca8237acbe73d,20.0,30.0,16.0,43.0,43.0,0.3721,1.0,3060.45,3.72,24
ccf8813e5a7d6c84d865cd38bfc2b130,11.0,17.0,10.0,26.0,26.0,0.3846,1.0,3051.29,4.38,8
b335c59ab742f751a85db9c411a86739,15.0,19.0,9.0,30.0,30.0,0.3,1.0,3039.04,3.94,18
3504c0cb71d7fa48d967e0e4c94d59d9,25.0,40.0,20.0,53.0,53.0,0.3774,1.0,3037.31,4.42,14
b56906f7fd1696e043f1bcce164c487b,24.0,32.0,19.0,40.0,40.0,0.475,1.0,2995.42,3.95,20
b74d1c09cb380e1d03a6f859c6f4224b,18.0,23.0,13.0,30.0,30.0,0.4333,1.0,2984.58,4.24,10
cac876b37d3abcd6bd76caca30277996,15.0,20.0,12.0,27.0,27.0,0.4444,1.0,2958.79,4.58,14
5a93f3ab0ef4c84ed5e1b5dbf23978bc,20.0,29.0,15.0,36.0,36.0,0.4167,1.0,2952.22,4.81,8
116ccb1a1604bc88e4d234a8c23f33de,38.0,48.0,28.0,61.0,61.0,0.459,1.0,2948.33,4.6,27
1d4587203296c8f4ad134dc286fa6db0,20.0,27.0,16.0,40.0,40.0,0.4,1.0,2941.91,4.37,29
f214d28e8d8e3ef068748498ccc2f813,26.0,40.0,20.0,52.0,52.0,0.3846,1.0,2937.84,4.14,21
0bb738e4d789e63e2267697c42d35a2d,15.0,23.0,13.0,29.0,29.0,0.4483,1.0,2925.34,4.63,4
d3f39f05462b79a4562d35893a28f159,15.0,20.0,7.0,33.0,33.0,0.2121,1.0,2893.37,3.32,6
1c40343cc5d18c2d8248ac2f3366de34,10.0,11.0,6.0,21.0,21.0,0.2857,1.0,2839.42,4.55,12
5160d23075764e18e07c1f4a87fad743,15.0,24.0,15.0,32.0,32.0,0.4688,1.0,2837.64,4.45,29
cea729054f157f5870bdd321a958d994,18.0,17.0,8.0,24.0,24.0,0.3333,1.0,2831.62,4.19,17
c013e57c075a06e5b5c48ee03c525719,25.0,30.0,14.0,41.0,41.0,0.3415,1.0,2828.66,4.16,13
e9511df20ccd82658a30c37b7fb343af,11.0,17.0,8.0,22.0,22.0,0.3636,1.0,2823.1,4.47,9
14a08204d03bb6b6bde8029f801ae0eb,18.0,22.0,8.0,28.0,28.0,0.2857,1.0,2779.1,3.82,24
82bd0703a4aefd6b599e5bfdaed378fb,11.0,19.0,5.0,20.0,20.0,0.25,1.0,2772.41,3.78,15
323ce52b5b81df2cd804b017b7f09aa7,13.0,18.0,6.0,29.0,29.0,0.2069,1.0,2767.65,4.45,13
0ffa40d54288e4f3499b8780dd0f144f,19.0,19.0,13.0,33.0,33.0,0.3939,1.0,2746.47,4.4,21
729b2d09b2a0bdab221076327f13d050,31.0,36.0,20.0,48.0,48.0,0.4167,1.0,2739.91,4.58,21
e38db885400cd35c71dfd162f2c1dbcf,13.0,21.0,13.0,30.0,30.0,0.4333,1.0,2737.55,4.5,17
850913d59ce317156b00f3705f1c3edb,14.0,9.0,7.0,29.0,29.0,0.2414,1.0,2701.9,3.5,9
0ed6ce5d87fd9c69eaacaeb778d67235,19.0,27.0,13.0,42.0,42.0,0.3095,1.0,2697.3,4.4,25
78c99c6dff4eeae5be99bf635ed21e3f,17.0,26.0,13.0,31.0,31.0,0.4194,1.0,2695.77,4.33,15
fb89df7f89fd1b8f03fa2acca1ba7364,14.0,17.0,8.0,22.0,22.0,0.3636,1.0,2687.43,3.84,10
6df688df543f90e9b38f4319e75a9d88,26.0,33.0,19.0,39.0,39.0,0.4872,1.0,2661.2,4.51,23
7f7b8245c336066a1f9933c359f11d77,20.0,29.0,14.0,38.0,38.0,0.3684,1.0,2630.23,4.56,12
77a515caa36327151d1cc6c32a9f00e1,16.0,18.0,6.0,26.0,26.0,0.2308,1.0,2613.58,4.42,19
412a4720f3e9431b4afa1476a1acddbe,10.0,17.0,12.0,20.0,20.0,0.6,1.0,2569.16,4.27,8
b83cedfb587e7911540e3f576d6917ce,12.0,18.0,8.0,24.0,24.0,0.3333,1.0,2568.75,4.24,16
3481aa57cd91f9f9d3fa1fa12d9a3bf7,14.0,16.0,10.0,24.0,24.0,0.4167,1.0,2547.17,3.88,7
daeb5653dd96c1b11860f72209795012,17.0,24.0,10.0,38.0,38.0,0.2632,1.0,2452.99,4.27,26
c8467937e403e76a8ee9f0ab13f6f5ef,15.0,21.0,9.0,30.0,30.0,0.3,1.0,2442.74,4.21,6
f615fe7efbef0f4f08fd3086bc7a3e60,11.0,18.0,5.0,22.0,22.0,0.2273,1.0,2431.08,4.52,17
5debea795b07621e1f90532e18f96145,17.0,16.0,13.0,25.0,25.0,0.52,1.0,2388.13,4.27,22
272f092de69afedd4d2969440b37f18f,13.0,17.0,12.0,22.0,22.0,0.5455,1.0,2374.46,4.12,24
25cf099de44674fde97473224f9d59ab,31.0,27.0,20.0,49.0,49.0,0.4082,1.0,2359.55,4.34,30
bf84056e679dbe9c69929847a40e338f,16.0,17.0,14.0,35.0,35.0,0.4,1.0,2356.58,3.76,3
3586b8580d9c917874e053a1bb37b5ff,19.0,27.0,13.0,36.0,36.0,0.3611,1.0,2352.35,4.44,5
bf100ecb7997df312b285358fb32f92c,14.0,16.0,8.0,20.0,20.0,0.4,1.0,2337.01,4.43,9
95ec4458365c4d11f452ccf538377619,17.0,22.0,13.0,27.0,27.0,0.4815,1.0,2303.43,4.29,15
1dc2de47ee26a0a5b12dc14fd6dc0dea,16.0,20.0,11.0,25.0,25.0,0.44,1.0,2287.5,4.52,11
f41ce2e25237f9092cd8e6e7516c7a2f,15.0,20.0,7.0,25.0,25.0,0.28,1.0,2285.82,4.44,10
d97df38225e5abadaff1e72cb72b823c,15.0,18.0,7.0,28.0,28.0,0.25,1.0,2277.55,3.96,18
7ade73f1b9b4e965f9009a4c3a7e2c15,15.0,21.0,7.0,26.0,26.0,0.2692,1.0,2274.75,4.78,12
2a6fbeaa7ab9e5d59a35841a8da71ce4,11.0,14.0,11.0,30.0,30.0,0.3667,1.0,2265.28,3.97,10
dc8798cbf453b7e0f98745e396cc5616,21.0,24.0,16.0,35.0,35.0,0.4571,1.0,2258.95,3.49,34
7139dc5186aa238b006e066d8fbab2e4,14.0,15.0,6.0,22.0,22.0,0.2727,1.0,2247.93,4.12,11
4e5725ba188db8252977a4f0227bd462,7.0,11.0,4.0,21.0,21.0,0.1905,1.0,2229.36,3.54,13
198c7ea11960a9844b544d9bcdca860c,13.0,17.0,8.0,25.0,25.0,0.32,1.0,2225.38,3.88,4
c8417879a15366a17c30af34c798c332,12.0,14.0,5.0,25.0,25.0,0.2,1.0,2192.85,4.06,15
411f3b52d857390502ee4e4d5ceabc2d,11.0,14.0,9.0,21.0,21.0,0.4286,1.0,2182.72,4.33,13
a36b125ac6d5fdbc7f50de85c9157bdc,11.0,12.0,10.0,23.0,23.0,0.4348,1.0,2167.54,4.04,10
a5a1bfcf728ab0e19182959cf0771ee4,15.0,17.0,5.0,21.0,21.0,0.2381,1.0,2160.85,4.29,6
9b00ed88b7fdb95d6ff76e27c1b52d16,35.0,33.0,22.0,46.0,46.0,0.4783,1.0,2135.68,4.58,18
d9a84e1403de8da0c3aa531d6d108ba6,24.0,36.0,17.0,53.0,53.0,0.3208,1.0,2109.15,4.62,35
d3674f271c91f824f82d24d92011f669,11.0,11.0,7.0,20.0,20.0,0.35,1.0,2101.82,4.1,6
d1ef48b38baca7e831711c4a0aeb398f,15.0,21.0,11.0,28.0,28.0,0.3929,1.0,2091.77,4.53,18
013900e863eace745d3ec7614cab5b1a,15.0,16.0,8.0,23.0,23.0,0.3478,1.0,2089.37,4.73,19
7ecd59e5e20407131822c1a68ac59c1f,15.0,16.0,8.0,24.0,24.0,0.3333,1.0,2054.52,4.48,5
1dfe5347016252a7884b694d4f10f5c4,9.0,15.0,6.0,20.0,20.0,0.3,1.0,2052.54,3.19,15
845e8036c3f7bf62099352f5ed910240,11.0,15.0,4.0,21.0,21.0,0.1905,1.0,2045.24,3.83,18
b2a6d334e2833acea353624840e25a0e,16.0,18.0,4.0,25.0,25.0,0.16,1.0,2038.59,4.5,6
3785b653b1b82de85ab47dd139938091,14.0,13.0,7.0,20.0,20.0,0.35,1.0,2033.27,4.75,7
002100f778ceb8431b7a1020ff7ab48f,24.0,34.0,14.0,50.0,50.0,0.28,1.0,1995.16,4.04,24
75fbb52eda0cbc24f479d3b2fbfa8d3e,21.0,30.0,16.0,37.0,37.0,0.4324,1.0,1994.45,4.49,35
ffc470761de7d0232558ba5e786e57b7,14.0,22.0,8.0,27.0,27.0,0.2963,1.0,1950.22,4.3,15
e63e8bfa530fb16910dd6956e592bb81,25.0,32.0,18.0,41.0,41.0,0.439,1.0,1928.21,4.33,12
718539d38d07dd351c76db862760e2e2,20.0,25.0,15.0,35.0,35.0,0.4286,1.0,1907.61,4.49,13
39d54ff918774174706fb065d7f9dc07,10.0,17.0,10.0,22.0,22.0,0.4545,1.0,1902.72,3.92,15
af3ef48d0e13835e529c29ac573c63e5,9.0,14.0,5.0,21.0,21.0,0.2381,1.0,1873.13,3.76,12
3771c85bac139d2344864ede5d9341e3,18.0,22.0,8.0,26.0,26.0,0.3077,1.0,1842.26,3.57,7
d4e12e7884759a14fa0f5f896c791cae,15.0,22.0,8.0,28.0,28.0,0.2857,1.0,1839.67,4.62,14
f918546be4bec7104d117789ba758b2b,12.0,14.0,9.0,20.0,20.0,0.45,1.0,1830.15,3.83,3
138dbe45fc62f1e244378131a6801526,22.0,33.0,22.0,49.0,49.0,0.449,1.0,1814.8,3.98,22
d8c7ba53e7e38711eaef8c2849d6d2e1,9.0,18.0,11.0,22.0,22.0,0.5,1.0,1788.34,4.5,6
01fd077212124329bac32490e8ef80d9,14.0,18.0,14.0,31.0,31.0,0.4516,1.0,1783.36,4.31,12
5f3ae9136c875522250f8184f253413a,29.0,24.0,16.0,42.0,42.0,0.381,1.0,1739.77,4.58,24
7e26c750b4cb9f6766f58265ff9ebe95,12.0,14.0,9.0,23.0,23.0,0.3913,1.0,1733.18,4.41,2
2709af9587499e95e803a6498a5a56e9,10.0,16.0,15.0,25.0,25.0,0.6,1.0,1730.29,2.65,15
671585f5a2af58b6e276bc01003c0d2b,13.0,17.0,8.0,27.0,27.0,0.2963,1.0,1692.11,4.7,5
542917da124346b47ea1ac79a93ce454,7.0,10.0,5.0,20.0,20.0,0.25,1.0,1667.08,4.15,13
42ef3192a9ff87a22d1867b74b3ee205,13.0,16.0,9.0,23.0,23.0,0.3913,1.0,1655.97,4.65,20
20cb7c2fde3e5bf10f0bbe7394e1c6a9,19.0,21.0,14.0,31.0,31.0,0.4516,1.0,1625.15,3.9,2
57c764b4a836300be881e2ff86e449f9,13.0,13.0,14.0,28.0,28.0,0.5,1.0,1613.49,4.28,11
f08c008c8a8d31417763738a1788a2a8,9.0,10.0,6.0,20.0,20.0,0.3,1.0,1604.0,3.38,3
6426d21aca402a131fc0a5d0960a3c90,16.0,20.0,7.0,23.0,23.0,0.3043,1.0,1593.82,4.17,9
52f9db5cfb423382a2fa5c9e39303202,14.0,17.0,8.0,21.0,21.0,0.381,1.0,1564.53,4.32,7
093805f8f2aeb63881444571e1f48f30,10.0,11.0,7.0,22.0,22.0,0.3182,1.0,1559.73,3.81,18
0afccdb8a34ee5c79f7c06faf2b4d56e,12.0,18.0,9.0,24.0,24.0,0.375,1.0,1557.09,4.12,10
113e3a788b935f48aad63e1c41dac1bd,16.0,30.0,12.0,39.0,39.0,0.3077,1.0,1533.95,4.42,28
1caf283236cd69af44cbc09a0a1e7d32,18.0,19.0,12.0,32.0,32.0,0.375,1.0,1530.25,4.54,22
4e06067cc08b3f41d837768d392c3ee3,17.0,25.0,11.0,31.0,31.0,0.3548,1.0,1514.25,4.17,28
1464afc72f696af775557a821c2e253f,13.0,24.0,13.0,29.0,29.0,0.4483,1.0,1513.78,4.17,8
325f3178fb58e2a9778334621eecdbf9,22.0,27.0,16.0,36.0,36.0,0.4444,1.0,1433.37,4.46,13
8fdca8e349553f99bc738833a62c8802,15.0,15.0,8.0,22.0,22.0,0.3636,1.0,1370.22,4.38,4
bc47d5d1490df2b36add65d733eafaba,8.0,10.0,4.0,21.0,21.0,0.1905,1.0,1301.86,3.55,7
4ebdc7e6cd6102a022dadc49156d4ea8,12.0,20.0,8.0,29.0,29.0,0.2759,1.0,1297.9,3.75,23
7c5b05cbdb5542049f38d90d7815b97d,11.0,13.0,5.0,21.0,21.0,0.2381,1.0,1292.89,4.57,10
6a8a889bde935bafa76d7848782dfaf9,11.0,19.0,10.0,24.0,24.0,0.4167,1.0,1228.62,3.93,6
4200ddf1967c5e41e48db62bc6d4b5ac,13.0,18.0,16.0,21.0,21.0,0.7619,1.0,1222.73,4.33,25
18e694e0e48ed6f7aa3f24aade5fd697,14.0,26.0,9.0,31.0,31.0,0.2903,1.0,1205.77,4.68,4
10076e5788b8ee532724bcd460baf762,7.0,15.0,8.0,23.0,23.0,0.3478,1.0,1198.78,4.62,13
bf00385a5f7fc1ef39a13c2e9ee50a5f,17.0,17.0,8.0,28.0,28.0,0.2857,1.0,1189.25,4.43,18
28f10b1c5e5abb9d4857745bede6147c,10.0,19.0,7.0,28.0,28.0,0.25,1.0,1185.42,4.0,4
3d5d0dc7073a299e31fa718ce1bc00b6,8.0,17.0,6.0,21.0,21.0,0.2857,1.0,1027.12,4.27,7
808d4348b916efa08e766ebad39f61eb,11.0,16.0,6.0,20.0,20.0,0.3,1.0,981.54,4.6,10
41c2bad7229b0c25e6becf179ebf63ff,11.0,14.0,9.0,20.0,20.0,0.45,1.0,971.92,4.96,4
0d33a55da925bbf1ff02af5f6059fc7f,13.0,18.0,7.0,22.0,22.0,0.3182,1.0,932.91,4.5,8
6b15924333bd1a741595fe981ea04822,12.0,19.0,9.0,21.0,21.0,0.4286,1.0,854.46,4.67,5
e6a69c4a27dfdd98ffe5aa757ad744bc,16.0,17.0,13.0,21.0,21.0,0.619,1.0,784.34,4.3,12
916748bc99315c2d202898ae58b1617e,16.0,15.0,10.0,25.0,25.0,0.4,1.0,746.51,4.34,5
5c853bb56f70f4d14218944bae111d7a,8.0,14.0,11.0,23.0,23.0,0.4783,1.0,514.19,4.04,12
